title,price,price_numeric,location,property_url
Only You Elgeyo Apartments,"Ksh28,000,000",28000000.0,"Kilimani, Nairobi",https://realtors.co.ke/property/only-you-elgeyo-apartments/
"Emerald Springs Apartment In Westlands, 1 & 2 Beds For Sale","Ksh9,100,000",9100000.0,"Westlands, Nairobi",https://realtors.co.ke/property/emerald-springs-apartment-in-westlands-1-2-beds-for-sale/
Elegant 3 Bed Apartment with En Suite for sale in Riverside,"Ksh40,300,000",40300000.0,"Riverside, Westlands",https://realtors.co.ke/property/elegant-3-bed-apartment-with-en-suite-in-riverside/
3 Bedroom Bungalow fo rent in Runda,"$1,500",,"Runda, Nairobi",https://realtors.co.ke/property/3-bedroom-bungalow-fo-rent-in-runda/
Venus Oak Residency Kileleshwa – 4 Bedroom Apartments + DSQ for Sale,"Ksh23,000,000",23000000.0,"Kileleshwa, Nairobi",https://realtors.co.ke/property/venus-oak-residency/
Modern Apartment For Sale In Kilimani,"Ksh10,500,000",10500000.0,"Kilimani, Nairobi",https://realtors.co.ke/property/hayat-heights-apartment-for-sale-in-kilimani-nairobi/
2 Bedroom Aparment for sale in Westlands – Emerald Springs,"Ksh12,700,000",12700000.0,"Westlands, Nairobi",https://realtors.co.ke/property/2-bedroom-aparment-for-sale-in-westlands-emerald-springs/
Modern Studio Apartments for Sale in Westlands,"Ksh6,700,000",6700000.0,"Westlands, Nairobi",https://realtors.co.ke/property/luxury-studio-suite-apartments-for-sale-in-westlands-nairobi/
"Devine Suites | Luxurious Furnished 1 & 2-Bedroom Apartments for Sale in Riverside Drive, Nairobi","Ksh17,000,000",17000000.0,"Riverside, Nairobi",https://realtors.co.ke/property/devine-suites-luxurious-furnished-1-2-bedroom-apartments-for-sale-in-riverside-drive-nairobi/
Luxury 3-Bedroom Apartments for Sale in Parklands at Gazebo Apartments,"Ksh14,870,000",14870000.0,"Parklands, Nairobi",https://realtors.co.ke/property/luxury-3-bedroom-apartments-for-sale-in-parklands-at-gazebo-apartments/
Cozy Mini Two-Bedroom Apartment in Westlands,"Ksh10,950,000",10950000.0,Westlands,https://realtors.co.ke/property/cozy-mini-two-bedroom-apartment-in-westlands/
1-3 Bedroom Apartments for Sale,"Ksh4,800,000",4800000.0,"Kileleshwa, Nairobi",https://realtors.co.ke/property/alina-ridge-apartment-1-to-3-bedroom-for-sale/
The Golden street residency apartment for Sale in Kileleshwa,"Ksh9,500,000",9500000.0,Kileleshwa,https://realtors.co.ke/property/golden-street-residency-kileleshwa/
Lesto Residences Westlands,"Ksh690,000",690000.0,"Westlands, Nairobi",https://realtors.co.ke/property/lesto-residences-in-westlands/
1 Bedroom Apartment for Rent near Adams Arcade | Modern Living on Ngong Road,"Ksh65,000",65000.0,"Kilimani, Nairobi",https://realtors.co.ke/property/1-bedroom-apartment-for-rent-near-adams-arcade-modern-living-on-ngong-road/
Loft Creek Residency Apartments Kileleshwa 3 & 4 Bed For Sale,"Ksh15,000,000",15000000.0,"Kileleshwa, Nairobi",https://realtors.co.ke/property/loft-creek-residency-apartments-kileleshwa-3-4-bed-for-sale/
"The Marquis Apartment in Kileleshwa 2,3 & 4 Bedroom plus SQ for sale","Ksh18,500,000",18500000.0,"Kileleshwa, Nairobi",https://realtors.co.ke/property/the-marquis-apartment-in-kileleshwa-23-4-bedroom-plus-sq-for-sale/
Modern 1 & 2-Bedroom Apartments for Sale in Lavington,"Ksh6,000,000",6000000.0,Lavington,https://realtors.co.ke/property/leo-residence-apartments-for-sale-in-lavington/
Calla Residency Westlands – 1 & 2 Bedroom Apartments for Sale on Old Waiyaki Way,"Ksh10,500,000",10500000.0,"Westlands, Nairobi",https://realtors.co.ke/property/1-2-bedroom-apartments-for-sale-in-westlands-calla-residency/
"Meticulously Designed 1, 2 & 3-Bedroom Apartments for Sale in Kileleshwa – Versailles Garden","Ksh5,000,000",5000000.0,Kileleshwa,https://realtors.co.ke/property/meticulous-1-bedroom-apartments-for-sale-in-kileleshwa/
Modern 5-Bedroom | Crystal Oak Residency,"Ksh41,000,000",41000000.0,"Kileleshwa, Nairobi",https://realtors.co.ke/property/modern-5-bedroom-crystal-oak-residency/
Modern 4-Bedroom | Crystal Oak Residency,"Ksh26,000,000",26000000.0,"Kileleshwa, Nairobi",https://realtors.co.ke/property/modern-4-bedroom-crystal-oak-residency/
Modern 3-Bedroom | Crystal Oak Residency,"Ksh24,000,000",24000000.0,"Kileleshwa, Nairobi",https://realtors.co.ke/property/modern-3-bedroom-crystal-oak-residency/
Modern 4-Bedroom Villas for Sale in Loresho – The Haven,"Ksh150,000,000",150000000.0,"Loresho, Nairobi",https://realtors.co.ke/property/the-haven-loresho-four-bedroom-villa/
Modern 2-Bedroom Apartments for Sale in Westlands,"Ksh10,500,000",10500000.0,Kileleshwa,https://realtors.co.ke/property/new-designed-2brdsq-in-kileleshwa/
2-3 Bedroom Apartments For Sale,"Ksh8,700,000",8700000.0,"Kilimani, Nairobi",https://realtors.co.ke/property/capital-rise-apartment-2-3-bedroom-for-sale/
"Berkeley Homes | Affordable Studio, 1 & 2 Bedroom Apartments for Sale in Kileleshwa Nairobi from KSh 4.2M","Ksh6,230,000",6230000.0,"Kileleshwa, Nairobi",https://realtors.co.ke/property/berkeley-homes-affordable-studio-1-2-bedroom-apartments-for-sale-in-kileleshwa-nairobi-from-ksh-4-2m/
Modern 2-Bedroom Apartments for Sale in Kilimani,"Ksh13,000,000",13000000.0,Kilimani,https://realtors.co.ke/property/cozy-stylish-2-bedroom-for-sale-in-kilimani/
Luxury 2-Bedroom Apartments for Sale in Westlands | Mogotio Oasis,"Ksh11,800,000",11800000.0,"Westlands, Nairobi",https://realtors.co.ke/property/luxury-2-bedroom-apartments-for-sale-in-westlands-mogotio-oasis/
Cozy Mini Two-Bedroom Apartment in Westlands,"Ksh10,950,000",10950000.0,Westlands,https://realtors.co.ke/property/cozy-mini-two-bedroom-apartment-in-westlands/
Loft Creek Residency Apartments Kileleshwa 3 & 4 Bed For Sale,"Ksh15,000,000",15000000.0,"Kileleshwa, Nairobi",https://realtors.co.ke/property/loft-creek-residency-apartments-kileleshwa-3-4-bed-for-sale/
Modern 1 & 2-Bedroom Apartments for Sale in Lavington,"Ksh11,000,000",11000000.0,Nairobi,https://realtors.co.ke/property/invest-smart-2-bedroom-apartment-in-lavington/
2 Bedroom Apartment for Rent in Kilimani Near Yaya Centre,"Ksh150,000",150000.0,"Kilimani, Nairobi",https://realtors.co.ke/property/luxurious-two-bedroom-apartment-for-rent/
"Devine Suites | Luxurious Furnished 1 & 2-Bedroom Apartments for Sale in Riverside Drive, Nairobi","Ksh17,000,000",17000000.0,"Riverside, Nairobi",https://realtors.co.ke/property/devine-suites-luxurious-furnished-1-2-bedroom-apartments-for-sale-in-riverside-drive-nairobi/
2 Bedroom Apartment for Rent in Kilimani | Riara Road Near Junction Mall,"Ksh100,000",100000.0,"Kilimani, Nairobi",https://realtors.co.ke/property/2-bedroom-apartment-for-rent-in-kilimani-riara-road-near-junction-mall/
Modern 1-Bedroom Apartments for Sale in Kileleshwa,"Ksh4,880,000",4880000.0,Kileleshwa,https://realtors.co.ke/property/luxury-1-bedroom-in-kileleshwa/
"Vesta Gardens – Modern Apartments for Sale on Ngong Road, Nairobi","Ksh11,000,000",11000000.0,"Kilimani, Nairobi",https://realtors.co.ke/property/vesta-gardens-apartments-for-sale-kilimani-ngong-road/
Brookside Oak Apartments | 3-Bedroom,"Ksh18,200,000",18200000.0,"Westlands, Nairobi",https://realtors.co.ke/property/brookside-oak-apartments-3-bedroom/
Furnished Apartments for Rent in Kileleshwa,"Ksh7,600,000",7600000.0,Kileleshwa,https://realtors.co.ke/property/ambra-heights-apartment-for-rent-in-kileleshwa/
Spacious 2 Bedroom Apartment for Rent in Kileleshwa,"Ksh180,000",180000.0,"Kileleshwa, Nairobi",https://realtors.co.ke/property/spacious-2-bedroom-furnished-and-serviced-kileleshwa/
Modern 1 & 2-Bedroom Apartments for Sale in Westlands,"Ksh12,500,000",12500000.0,"Westlands, Nairobi",https://realtors.co.ke/property/affordable-1-bedroom-90-sqm-apartment-in-westlands/
Merlin Court Apartments for Sale in Lavington | 3 Bedroom + SQ,"Ksh30,000,000",30000000.0,"Lavington, Nairobi",https://realtors.co.ke/property/merlin-court-apartments-for-sale-in-lavington-3-bedroom-sq/
Modern 4-Bedroom Apartment for Sale in Kileleshwa,"Ksh20,000,000",20000000.0,Kileleshwa,https://realtors.co.ke/property/comfy-residency-kileleshwa-4-bedroom-apartment-for-sale/
Modern 5-Bedroom | Crystal Oak Residency,"Ksh41,000,000",41000000.0,"Kileleshwa, Nairobi",https://realtors.co.ke/property/modern-5-bedroom-crystal-oak-residency/
Modern 4-Bedroom | Crystal Oak Residency,"Ksh26,000,000",26000000.0,"Kileleshwa, Nairobi",https://realtors.co.ke/property/modern-4-bedroom-crystal-oak-residency/
Modern 3-Bedroom | Crystal Oak Residency,"Ksh24,000,000",24000000.0,"Kileleshwa, Nairobi",https://realtors.co.ke/property/modern-3-bedroom-crystal-oak-residency/
Modern Apartment For Sale In Kilimani,"Ksh10,500,000",10500000.0,"Kilimani, Nairobi",https://realtors.co.ke/property/hayat-heights-apartment-for-sale-in-kilimani-nairobi/
Luxury 3-Bedroom Apartments for Sale in Parklands at Gazebo Apartments,"Ksh14,870,000",14870000.0,"Parklands, Nairobi",https://realtors.co.ke/property/luxury-3-bedroom-apartments-for-sale-in-parklands-at-gazebo-apartments/
"2-Bedroom Apartments for Sale in Kilimani – From KES 8.9M (90–112 sqm) | Wood Garden Road, Completion Dec 2026","Ksh8,900,000",8900000.0,Kilimani,https://realtors.co.ke/property/2-bedroom-for-sale-in-kilimani-4/
Perfect starter home 2 bedroom for sale in lavington,"Ksh10,600,000",10600000.0,,https://realtors.co.ke/property/perfect-starter-home-2-bedroom-for-sale-in-lavington/
Modern 1 & 2-Bedroom Apartments for Sale in Lavington,"Ksh14,500,000",14500000.0,Nairobi,https://realtors.co.ke/property/2-en-suite-bedroom-for-sale-behind-junction-mall/
2 Bedroom Apartment for Rent in Kilimani Near Yaya Centre,"Ksh150,000",150000.0,"Kilimani, Nairobi",https://realtors.co.ke/property/luxurious-two-bedroom-apartment-for-rent/
"Riya Apartments | 4-Bedroom Apartment for Sale in Parklands, Nairobi","Ksh25,000,000",25000000.0,"Parklands, Nairobi",https://realtors.co.ke/property/riya-apartments-4-bedroom-apartment-for-sale-in-parklands-nairobi/
Furnished 1 Bedroom Apartment for Rent in Kilimani | Realtors Kenya,"Ksh120,000",120000.0,"Kilimani, Nairobi",https://realtors.co.ke/property/furnished-one-bedroom-in-kilimani/
Modern 3-Bedroom Apartment for Sale in Kileleshwa,"Ksh19,500,000",19500000.0,Kileleshwa,https://realtors.co.ke/property/3-bedroom-apartment-for-sale-at-diamond-ivy-residence/
Spacious 4-Bedroom Unfurnished Apartment for Rent in Kileleshwa,"Ksh200,000",200000.0,"Kileleshwa, Nairobi",https://realtors.co.ke/property/unfurnished-4-bedroom-in-kileleshwa/
Modern 1-Bedroom Apartments for Sale in Kilimani,"Ksh8,000,000",8000000.0,Kilimani,https://realtors.co.ke/property/kilimani-gem-1-bedroom-for-sale/
Exquisite 2 Bed Apartment with En Suite for sale in Riverside,"Ksh8,000,000",8000000.0,"Riverside, Westlands",https://realtors.co.ke/property/exquisite-2-bed-apartment-with-en-suite-in-riverside/
3-Bedroom + DSQ Apartment for Sale in Kilimani – 130 sqm at KES 12.9M (75% Sold Out) | Wood Garden Road,"Ksh12,900,000",12900000.0,Kilimani,https://realtors.co.ke/property/perfect-location-3-bedroom-apartment-for-sale/
3 Bedroom Apartment for sale at Riverside Drive,"Ksh38,000,000",38000000.0,"Riverside, Westlands",https://realtors.co.ke/property/3-bedroom-apartment-for-sale-at-riverside-drive/
Modern 3-Bedroom Apartments for Sale in Lavington,"Ksh18,400,000",18400000.0,Lavington,https://realtors.co.ke/property/spacious-3-bedroom-apartment-for-sale-in-lavington/
Spacious 3 Bedroom Apartment for Sale in Kileleshwa – Maiga Mairu Road,"Ksh14,000,000",14000000.0,"Kileleshwa, Nairobi",https://realtors.co.ke/property/spacious-3-bedroom-apartment-for-sale-in-kileleshwa-maiga-mairu-road/
Mogotio Oasis | Modern 3-Bedroom Apartments for Sale in Westlands,"Ksh14,800,000",14800000.0,"Westlands, Nairobi",https://realtors.co.ke/property/mogotio-oasis-modern-3-bedroom-apartments-for-sale-in-westlands/
Seefar Apartments 2 Bed For Sale In Langata Highrise Estate,"Ksh6,000,000",6000000.0,Nairobi,https://realtors.co.ke/property/seefar-apartments-2-bed-for-sale-in-langata-highrise-estate/
Modern 2-Bedroom Apartments for Sale in Westlands,"Ksh28,000,000",28000000.0,"Westlands, Nairobi",https://realtors.co.ke/property/2-bedroom-apartments-for-sale-at-sunset-park-residences/
"3 Bedroom Apartment for Sale in Kilimani, Elgeyo Road – Ultra-Modern Luxury Living | KES 30M","Ksh30,000,000",30000000.0,"Kilimani, Nairobi",https://realtors.co.ke/property/3-bedroom-apartment-for-sale-in-kilimani-elgeyo-road-ultra-modern-luxury-living-kes-30m/
Modern 5-Bedroom | Crystal Oak Residency,"Ksh41,000,000",41000000.0,"Kileleshwa, Nairobi",https://realtors.co.ke/property/modern-5-bedroom-crystal-oak-residency/
Modern 4-Bedroom | Crystal Oak Residency,"Ksh26,000,000",26000000.0,"Kileleshwa, Nairobi",https://realtors.co.ke/property/modern-4-bedroom-crystal-oak-residency/
Modern 3-Bedroom | Crystal Oak Residency,"Ksh24,000,000",24000000.0,"Kileleshwa, Nairobi",https://realtors.co.ke/property/modern-3-bedroom-crystal-oak-residency/
Cheval Luxury Apartments | 2-Bedroom,"Ksh14,000,000",14000000.0,"Westlands, Nairobi",https://realtors.co.ke/property/cheval-luxury-apartments-2-bedroom/
Luxurious 2 Bedroom Apartment + Utility Room,"Ksh11,000,000",11000000.0,Kileleshwa,https://realtors.co.ke/property/luxurious-2-bedroom-apartment-utility-room/
Cheval Luxury Apartments | 1-Bedroom,"Ksh8,300,000",8300000.0,"Westlands, Nairobi",https://realtors.co.ke/property/cheval-luxury-apartments-1-bedroom/
Modern 1-Bedroom Apartments for Sale in Kileleshwa,"Ksh4,880,000",4880000.0,Kileleshwa,https://realtors.co.ke/property/luxury-1-bedroom-in-kileleshwa/
Oak Classic Residency Apartments for Sale in Kilimani on George Padmore Road,"Ksh7,300,000",7300000.0,"Kilimani, Nairobi",https://realtors.co.ke/property/oak-classic-apartment-1-2-bedroom-for-sale-in-kilimani-nairobi/
Leo Residence Apartments,"Ksh6,500,000",6500000.0,"Lavington, Nairobi",https://realtors.co.ke/property/leo-residence-apartment-for-sale-in-lavington/
Furnished 1-Bedroom Apartment for Rent in Lavington at Riara Oasis,"Ksh150,000",150000.0,"Lavington, Nairobi",https://realtors.co.ke/property/furnished-1-bedroom-apartment-for-rent-in-lavington-at-riara-oasis/
Only You Elgeyo Apartments,"Ksh28,000,000",28000000.0,"Kilimani, Nairobi",https://realtors.co.ke/property/only-you-elgeyo-apartments/
"Capital Residence | Luxurious 2 & 3-Bedroom Apartments for Sale in Kilimani, Nairobi","Ksh9,100,000",9100000.0,"Kilimani, Nairobi",https://realtors.co.ke/property/capital-residence-luxurious-2-3-bedroom-apartments-for-sale-in-kilimani-nairobi/
"3 Bedroom Apartment for Sale in Muthithi Road — Golden Mansion Apartments, Westlands","Ksh21,714,000",21714000.0,"Westlands, Nairobi",https://realtors.co.ke/property/3-bedroom-apartment-for-sale-in-muthithi-road-golden-mansion-apartments-westlands/
Muthangari Residency Apartment For Sale,"Ksh17,000,000",17000000.0,Nairobi,https://realtors.co.ke/property/new-luxury-muthangari-residency-apartment-for-sale/
Modern 3-Bedroom Apartment for Rent in Lavington,"Ksh120,000",120000.0,Lavington,https://realtors.co.ke/property/3-bedroom-apartment-for-rent-at-kingara-road-lavington/
Modern 4-Bedroom Duplex Apartments for Sale in General Mathenge,"$226,850",,Westlands,https://realtors.co.ke/property/4-bedroom-apartments-for-sale-at-greenville-gardens/
Platinum Oak Residency Apartment For Sale,"Ksh24,500,000",24500000.0,"Kileleshwa, Nairobi",https://realtors.co.ke/property/platinum-oak-residency/
Modern 3 & 4-Bedroom Apartments for Sale in Lavington,"Ksh9,200,000",9200000.0,,https://realtors.co.ke/property/vibrant-2-bedroom-homes-for-sale-mararo-avenue-in-lavington/
Berkeley Westlands | Modern 2-Bedroom,"Ksh7,980,000",7980000.0,"Westlands, Nairobi",https://realtors.co.ke/property/berkeley-westlands-modern-2-bedroom/
1 Bedroom Apartment for Sale in Kilimani – Oak Breeze Residency (50 SQM),"Ksh6,000,000",6000000.0,"Kilimani, Nairobi",https://realtors.co.ke/property/1-bedroom-apartment-for-sale-in-kilimani-oak-breeze-residency-50-sqm/
Apartments for Sale in Kilimani,"Ksh14,000,000",14000000.0,"Kilimani, Nairobi",https://realtors.co.ke/property/zanzi-court-luxurious-23-4-bedroom-apartment-for-sale/
Modern 3-Bedroom Apartment for Rent in Westlands,"Ksh175,000",175000.0,"Westlands, Nairobi",https://realtors.co.ke/property/samar-residency-westlands-3-bedroom-apartment-plus-dsq-for-rent/
Modern 3-Bedroom Apartments for Sale in Westlands,"Ksh39,000,000",39000000.0,"Westlands, Nairobi",https://realtors.co.ke/property/3-bedroom-apartments-for-sale-at-sunset-park-westlands/
Modern 5-Bedroom | Crystal Oak Residency,"Ksh41,000,000",41000000.0,"Kileleshwa, Nairobi",https://realtors.co.ke/property/modern-5-bedroom-crystal-oak-residency/
Modern 4-Bedroom | Crystal Oak Residency,"Ksh26,000,000",26000000.0,"Kileleshwa, Nairobi",https://realtors.co.ke/property/modern-4-bedroom-crystal-oak-residency/
Modern 3-Bedroom | Crystal Oak Residency,"Ksh24,000,000",24000000.0,"Kileleshwa, Nairobi",https://realtors.co.ke/property/modern-3-bedroom-crystal-oak-residency/
Apartment for Sale in Riverside Drive,"Ksh19,000,000",19000000.0,"Riverside, Westlands",https://realtors.co.ke/property/3-bed-apartment-with-en-suite-for-sale-in-riverside-2/
"2 Bedroom Apartments for Rent at Bahari Homes Residency – Kilimani, Nairobi","Ksh150,000",150000.0,"Kilimani, Nairobi",https://realtors.co.ke/property/2-bedroom-apartments-for-rent-at-bahari-homes-residency-kilimani-nairobi/
Only You Elgeyo Apartments,"Ksh28,000,000",28000000.0,"Kilimani, Nairobi",https://realtors.co.ke/property/only-you-elgeyo-apartments/
Spacious 3 Bedroom Apartment for Sale in Kileleshwa – Maiga Mairu Road,"Ksh14,000,000",14000000.0,"Kileleshwa, Nairobi",https://realtors.co.ke/property/spacious-3-bedroom-apartment-for-sale-in-kileleshwa-maiga-mairu-road/
Beacon by Synina Luxurious Apartments in Kileleshwa,"Ksh29,900,000",29900000.0,"Kileleshwa, Nairobi",https://realtors.co.ke/property/beacon-by-synina-luxurious-apartments-in-kileleshwa/
"1 Bedroom Apartments for Rent in Kileleshwa – 76 SQM from KSh 85,000","Ksh85,000",85000.0,"Kileleshwa, Nairobi",https://realtors.co.ke/property/1-bedroom-apartments-for-rent-in-kileleshwa-76-sqm-from-ksh-85000/
2 Bedroom Apartment for Sale in Kilimani – 96 sqm | Oak Breeze Residencies,"Ksh11,550,000",11550000.0,"Kilimani, Nairobi",https://realtors.co.ke/property/2-bedroom-apartment-for-sale-in-kilimani-96-sqm-oak-breeze-residencies/
Elegant 2 Bedroom Furnished Apartment on Riverside Drive,"Ksh115,000",115000.0,Riverside,https://realtors.co.ke/property/elegant-2-bedroom-furnished-apartment-on-riverside-drive/
Modern 1 & 2-Bedroom Apartments for Sale in Westlands,"Ksh18,900,000",18900000.0,"Westlands, Nairobi",https://realtors.co.ke/property/affordable-2-bedroom-130-sqm-apartment-in-westlands/
"Modern 2-Bedroom Apartments for Sale in Kilimani – From KES 14M | Bahari Homes, Kirichwa Road (Completion Aug 2025)","Ksh14,000,000",14000000.0,Kilimani,https://realtors.co.ke/property/modern-comfort-2-bedroom-in-kilimani/
Elegant 3 Bedroom Apartment for Sale in Syokimau,"Ksh10,900,000",10900000.0,Syokimau,https://realtors.co.ke/property/elegant-3-bedroom-apartment-for-sale-in-syokimau/
SuperWest View Apartments for sale in Westlands,"Ksh6,800,000",6800000.0,Westlands,https://realtors.co.ke/property/superwest-view-apartments-for-sale-in-westlands/
Elite Penthouse for sale in kilimani,"Ksh38,000,000",38000000.0,Kilimani,https://realtors.co.ke/property/elite-penthouse-for-sale-in-kilimani/
Modern 3-Bedroom Apartments for Sale in Westlands,"Ksh39,000,000",39000000.0,"Westlands, Nairobi",https://realtors.co.ke/property/3-bedroom-apartments-for-sale-at-sunset-park-westlands/
1 Bedroom Apartment for Rent near Two Rivers | Executive Apartments,"Ksh150,000",150000.0,Nairobi,https://realtors.co.ke/property/modern-lovely-1-bedroom-apartment-for-rent/
1 Bedroom Apartment for Sale in Kileleshwa (82 sqm) | MIC Garden Nairobi,"Ksh8,200,000",8200000.0,"Kileleshwa, Nairobi",https://realtors.co.ke/property/1-bedroom-apartment-for-sale-in-kileleshwa-82-sqm-mic-garden-nairobi/
Unfurnished 1 & 2 Bedroom Apartments for Rent in Kilimani – George Padmore Road,"Ksh75,000",75000.0,"Kilimani, Nairobi",https://realtors.co.ke/property/unfurnished-1-2-bedroom-apartments-for-rent-in-kilimani-george-padmore-road/
Modern 1 & 2-Bedroom Apartments for Sale in Lavington,"Ksh6,000,000",6000000.0,Lavington,https://realtors.co.ke/property/leo-residence-apartments-for-sale-in-lavington/
Orchid Residency Apartments For Sale,"Ksh7,000,000",7000000.0,"Westlands, Nairobi",https://realtors.co.ke/property/orchid-residency-apartments-for-sale/
Luxury 1-Bedroom Apartment for Rent in Westlands,"Ksh362,740",362740.0,Westlands,https://realtors.co.ke/property/luxury-1-bedroom-apartment-for-rent-in-westlands/
Modern 5-Bedroom | Crystal Oak Residency,"Ksh41,000,000",41000000.0,"Kileleshwa, Nairobi",https://realtors.co.ke/property/modern-5-bedroom-crystal-oak-residency/
Modern 4-Bedroom | Crystal Oak Residency,"Ksh26,000,000",26000000.0,"Kileleshwa, Nairobi",https://realtors.co.ke/property/modern-4-bedroom-crystal-oak-residency/
Modern 3-Bedroom | Crystal Oak Residency,"Ksh24,000,000",24000000.0,"Kileleshwa, Nairobi",https://realtors.co.ke/property/modern-3-bedroom-crystal-oak-residency/
Luxury 2-3 Bedroom Apartments for Sale in Ridgeways | 6040 Vista,"Ksh10,400,000",10400000.0,Nairobi,https://realtors.co.ke/property/luxury-2-3-bedroom-apartments-ridgeways-at-6040-vista/
Mordern 4 Bedroom for sale in kilimani,"Ksh26,800,000",26800000.0,Kilimani,https://realtors.co.ke/property/mordern-4-bedroom-for-sale-in-kilimani/
"2 Bedroom Apartment for Sale in Upper Hill, Nairobi (945 Sqft)","Ksh17,100,000",17100000.0,"Upperhill, Nairobi",https://realtors.co.ke/property/2-bedroom-apartment-for-sale-in-upper-hill-nairobi-945-sqft/
Modern 1-Bedroom Apartments for Sale in Kilimani,"Ksh8,300,000",8300000.0,Kilimani,https://realtors.co.ke/property/secure-spacious-1-bedroom-in-kilimani/
Venus Oak Residency Kileleshwa – 4 Bedroom Apartments + DSQ for Sale,"Ksh23,000,000",23000000.0,"Kileleshwa, Nairobi",https://realtors.co.ke/property/venus-oak-residency/
"3 Bedroom Apartment for Sale in Muthithi Road — Golden Mansion Apartments, Westlands","Ksh21,714,000",21714000.0,"Westlands, Nairobi",https://realtors.co.ke/property/3-bedroom-apartment-for-sale-in-muthithi-road-golden-mansion-apartments-westlands/
Ecovale Apartments For Sale in Rongai,"Ksh2,960,000",2960000.0,Rongai,https://realtors.co.ke/property/ecovale-apartments-for-sale-in-rongai/
Serenity Residency Apartment 1 & 2 Bedroom for sale Kilimani,"Ksh6,000,000",6000000.0,"Kilimani, Nairobi",https://realtors.co.ke/property/serenity-residency-apartment-1-2-bedroom-for-sale-kilimani/
Royal Legend Residency Apartment For Sale,"Ksh12,000,000",12000000.0,,https://realtors.co.ke/property/royal-legend-residency-apartment-for-sale-in-lavington/
"Kindaruma Homes Apartments 1,2 & 3 Bedrooms In Kilimani, Nairobi","Ksh4,800,000",4800000.0,"Kilimani, Nairobi",https://realtors.co.ke/property/kindaruma-homes-apartments-12-3-bedrooms-in-kilimani-nairobi/
"Unfurnished Apartments to Let in Kilimani – Riara Road, Nairobi","Ksh80,000",80000.0,"Kilimani, Nairobi",https://realtors.co.ke/property/unfurnished-apartments-to-let-in-kilimani-riara-road-nairobi/
The Oxford Homes | 2-Bedroom Apartments,"Ksh10,500,000",10500000.0,"Westlands, Nairobi",https://realtors.co.ke/property/the-oxford-homes-2-bedroom-apartments/
Modern 1 & 2-Bedroom Apartments for Sale in Westlands,"Ksh12,500,000",12500000.0,"Westlands, Nairobi",https://realtors.co.ke/property/affordable-1-bedroom-90-sqm-apartment-in-westlands/
Cozy Mini Two-Bedroom Apartment in Westlands,"Ksh10,950,000",10950000.0,Westlands,https://realtors.co.ke/property/cozy-mini-two-bedroom-apartment-in-westlands/
3 Bedroom Apartment for Sale in Kileleshwa (180 sqm) – With Study Room,"Ksh19,000,000",19000000.0,"Kileleshwa, Nairobi",https://realtors.co.ke/property/3-bedroom-apartment-for-sale-in-kileleshwa-180-sqm-with-study-room/
Modern 2-Bedroom Apartments for Sale in Syokimau at Kivulini Road,"Ksh8,600,000",8600000.0,"Syokimau, Nairobi",https://realtors.co.ke/property/modern-2-bedroom-apartments-for-sale-in-syokimau-at-kivulini-road/
Apartments for Sale in Kilimani,"Ksh14,000,000",14000000.0,"Kilimani, Nairobi",https://realtors.co.ke/property/zanzi-court-luxurious-23-4-bedroom-apartment-for-sale/
Elegant 2 & 3 Bedroom Apartments for Sale,"Ksh20,500,000",20500000.0,"Riverside, Westlands",https://realtors.co.ke/property/elegant-2-3-bedroom-apartments-for-sale-in-riversidewestlands/
Stylish 1 Bedroom Apartment in Syokimau,"Ksh5,700,000",5700000.0,Syokimau,https://realtors.co.ke/property/stylish-1-bedroom-apartment-in-syokimau/
Azalea Heights | Apartment for Sale in Westlands,"Ksh27,000,000",27000000.0,"Westlands, Nairobi",https://realtors.co.ke/property/azalea-heights-apartment-for-sale-in-westlands/
Modern 5-Bedroom | Crystal Oak Residency,"Ksh41,000,000",41000000.0,"Kileleshwa, Nairobi",https://realtors.co.ke/property/modern-5-bedroom-crystal-oak-residency/
Modern 4-Bedroom | Crystal Oak Residency,"Ksh26,000,000",26000000.0,"Kileleshwa, Nairobi",https://realtors.co.ke/property/modern-4-bedroom-crystal-oak-residency/
Modern 3-Bedroom | Crystal Oak Residency,"Ksh24,000,000",24000000.0,"Kileleshwa, Nairobi",https://realtors.co.ke/property/modern-3-bedroom-crystal-oak-residency/
Luxury Studio & 1-Bedroom Apartments for Sale in Westlands at Morvara Serviced,"Ksh6,500,000",6500000.0,"Westlands, Nairobi",https://realtors.co.ke/property/luxury-studio-1-bedroom-apartments-for-sale-in-westlands-at-morvara-serviced/
Modern 2-Bedroom Apartments for Sale in Kilimani,"Ksh13,000,000",13000000.0,Kilimani,https://realtors.co.ke/property/your-dream-home-awaits-2-bedroom-in-kilimani/
Mogotio Oasis | Modern 3-Bedroom Apartments for Sale in Westlands,"Ksh14,800,000",14800000.0,"Westlands, Nairobi",https://realtors.co.ke/property/mogotio-oasis-modern-3-bedroom-apartments-for-sale-in-westlands/
Modern 1 & 2-Bedroom Apartments for Sale in Westlands,"Ksh12,500,000",12500000.0,"Westlands, Nairobi",https://realtors.co.ke/property/affordable-1-bedroom-90-sqm-apartment-in-westlands/
Brookside Oak Apartments | Westlands,"Ksh8,800,000",8800000.0,"Westlands, Nairobi",https://realtors.co.ke/property/brookside-oak-apartments-westlands/
Riverside One Residency Apartment For Sale in Westlands,"Ksh13,500,000",13500000.0,"Kilimani, Nairobi",https://realtors.co.ke/property/riverside-one-residency-apartment-for-sale-in-westlands/
Modern 2-Bedroom Apartments for Sale in Kilimani,"Ksh13,000,000",13000000.0,Kilimani,https://realtors.co.ke/property/cozy-stylish-2-bedroom-for-sale-in-kilimani/
Modern 1 & 2-Bedroom Apartments for Sale in Kileleshwa,"Ksh9,500,000",9500000.0,Kileleshwa,https://realtors.co.ke/property/siaya-park-apartments-for-sale-in-kileleshwa/
Furnished 4-bedroom Apartment for Rent in Westlands,"Ksh300,000",300000.0,"Westlands, Nairobi",https://realtors.co.ke/property/furnished-4-bedroom-apartment-for-rent-in-westlands/
Luxury 5-Bedroom Apartments for Sale in Parklands | Karura View,"$221,000",,"Parklands, Nairobi",https://realtors.co.ke/property/luxury-5-bedroom-apartments-for-sale-in-parklands-karura-view/
3-bedroom 2 en-suite apartments for sale in Kileleshwa,"Ksh10,500,000",10500000.0,Kileleshwa,https://realtors.co.ke/property/3-bedroom-2-en-suite-apartments-for-sale-in-kileleshwa/
Modern 3-Bedroom | Crystal Oak Residency,"Ksh24,000,000",24000000.0,"Kileleshwa, Nairobi",https://realtors.co.ke/property/modern-3-bedroom-crystal-oak-residency/
Modern Apartments for Sale in Westlands – Marble West,"Ksh6,600,000",6600000.0,"Westlands, Nairobi",https://realtors.co.ke/property/marble-west-apartments-westlands/
Modern 2-4 Bedroom Apartments for Sale in Lavington – RP Residence,"Ksh18,500,000",18500000.0,Lavington,https://realtors.co.ke/property/modern-2-4-bedroom-apartments/
"Modern 3, 4 & 5-Bedroom Apartments for Sale in Riverside","Ksh45,000,000",45000000.0,,https://realtors.co.ke/property/4-bedroom-apartments-for-sale-in-riverside/
Modern 1 Bedroom Apartments for Sale | Garden City Thika Road at 237 Lulu,"Ksh5,900,000",5900000.0,"Thika Road, Nairobi",https://realtors.co.ke/property/modern-1-bedroom-apartments-for-sale-garden-city-thika-road-at-237-lulu/
Modern 1-Bedroom Apartment for Sale in Syokimau,"Ksh3,300,000",3300000.0,Syokimau,https://realtors.co.ke/property/affordable-1-bedroom-apartment-for-sale-in-syokimau/
Modern 3 & 4-Bedroom Apartments for Sale in Kileleshwa,"Ksh21,500,000",21500000.0,Kileleshwa,https://realtors.co.ke/property/spacious-4-br-study-room-dsq-for-sale-in-kileleshwa/
"Lesonia Residences Apartments for Sale in Kileleshwa, Nairobi","Ksh12,500,000",12500000.0,"Kileleshwa, Nairobi",https://realtors.co.ke/property/lesonia-residences-apartments-for-sale-in-kileleshwa-nairobi/
Modern 2 & 3-Bedroom Apartments for Sale in Riverside Drive,"Ksh11,500,000",11500000.0,Riverside,https://realtors.co.ke/property/winchester-gardens-amazing-homes/
Modern 5-Bedroom | Crystal Oak Residency,"Ksh41,000,000",41000000.0,"Kileleshwa, Nairobi",https://realtors.co.ke/property/modern-5-bedroom-crystal-oak-residency/
Modern 4-Bedroom | Crystal Oak Residency,"Ksh26,000,000",26000000.0,"Kileleshwa, Nairobi",https://realtors.co.ke/property/modern-4-bedroom-crystal-oak-residency/
Modern 3-Bedroom | Crystal Oak Residency,"Ksh24,000,000",24000000.0,"Kileleshwa, Nairobi",https://realtors.co.ke/property/modern-3-bedroom-crystal-oak-residency/
Modern 2-Bedroom Apartments for Sale in Kilimani,"Ksh13,000,000",13000000.0,Kilimani,https://realtors.co.ke/property/cozy-stylish-2-bedroom-for-sale-in-kilimani/
"Luna Oak Residency 2 Bedroom Apartments for Sale in Kilimani, Nairobi","Ksh11,500,000",11500000.0,"Kilimani, Nairobi",https://realtors.co.ke/property/luna-oak-residency-2-bedroom-apartments-for-sale-in-kilimani-nairobi/
Standard One Bedroom Apartment in Westlands,"Ksh7,850,000",7850000.0,Westlands,https://realtors.co.ke/property/standard-one-bedroom-apartment-in-westlands/
Emaar Residence Apartment 3 & 4 Bed for Sale in Westlands,"Ksh22,200,000",22200000.0,"Westlands, Nairobi",https://realtors.co.ke/property/emaar-residence-apartment-3-4-bed-for-sale-in-westlands/
Apartments for Sale in Kileleshwa,"Ksh23,000,000",23000000.0,"Kileleshwa, Nairobi",https://realtors.co.ke/property/apartments-for-sale-in-kileleshwa/
Modern 3-Bedroom Apartments for Sale in Westlands,"Ksh11,000,000",11000000.0,Kileleshwa,https://realtors.co.ke/property/3-bed-for-sale-in-kileleshwa-area/
Furnished 1 Bedroom Apartment for Rent in Kilimani | Realtors Kenya,"Ksh120,000",120000.0,"Kilimani, Nairobi",https://realtors.co.ke/property/furnished-one-bedroom-in-kilimani/
The Oxford Homes Apartments for Sale,"Ksh6,500,000",6500000.0,"Westlands, Nairobi",https://realtors.co.ke/property/the-oxford-homes-apartments-for-sale/
Modern 3-Bedroom Apartment for Sale in Riverside Drive,"Ksh15,500,000",15500000.0,"Riverside, Nairobi",https://realtors.co.ke/property/3-bedroom-apartment-for-sale-in-riverside/
Modern 1 & 2-Bedroom Apartments for Sale in Lavington,"Ksh14,500,000",14500000.0,Nairobi,https://realtors.co.ke/property/2-en-suite-bedroom-for-sale-behind-junction-mall/
Elegant 1 Bedroom Apartment in Kileleshwa,"Ksh6,900,000",6900000.0,Kileleshwa,https://realtors.co.ke/property/elegant-1-bedroom-apartment-in-kileleshwa/
Plumeria Residency Apartments for Sale in Kilimani on Riara Road,"Ksh11,000,000",11000000.0,"Kilimani, Nairobi",https://realtors.co.ke/property/plumeria-residency-2-bedroom-apartment-riara-rd-for-sale/
Neptune Residency Apartment In Lavington For Sale,"Ksh7,000,000",7000000.0,Nairobi,https://realtors.co.ke/property/neptune-residency-apartment-in-lavington-for-sale/
Modern 2 & 3-Bedroom Apartments for Sale in Riverside Drive,"Ksh11,500,000",11500000.0,Riverside,https://realtors.co.ke/property/winchester-gardens-amazing-homes/
Beautiful 3 Bed Apartment with En Suite for sale in Riverside,"Ksh17,000,000",17000000.0,"Riverside, Westlands",https://realtors.co.ke/property/beautiful-3-bed-apartment-with-en-suite-in-riverside/
"Luxury 1 bedroom Apartments for Sale in Westlands, Nairobi","Ksh9,100,000",9100000.0,"Westlands, Nairobi",https://realtors.co.ke/property/luxury-1-bedroom-apartments-for-sale-in-westlands-nairobi/
The Saruni Riverside Drive Apartments & Penthouse For Sale,"Ksh12,800,000",12800000.0,"Riverside, Westlands, Nairobi",https://realtors.co.ke/property/the-saruni-riverside-drive-apartments-penthouse-for-sale/
Modern 2-Bedroom Apartments for Sale in Kilimani,"Ksh16,000,000",16000000.0,Kilimani,https://realtors.co.ke/property/exclusive-2bedroom-for-sale-in-kilimani/
Aria Capital Apartments Upper Hill – Luxury Living with Elevated Views,,,"Upper Hill, Nairobi",https://realtors.co.ke/property/aria-capital-apartments-upper-hill-luxury-living-with-elevated-views/
Astra Bay Residencies Lower Kabete,"Ksh4,070,000",4070000.0,Westlands,https://realtors.co.ke/property/astra-bay-residencies-lower-kabete/
Modern 5-Bedroom | Crystal Oak Residency,"Ksh41,000,000",41000000.0,"Kileleshwa, Nairobi",https://realtors.co.ke/property/modern-5-bedroom-crystal-oak-residency/
Modern 4-Bedroom | Crystal Oak Residency,"Ksh26,000,000",26000000.0,"Kileleshwa, Nairobi",https://realtors.co.ke/property/modern-4-bedroom-crystal-oak-residency/
Modern 3-Bedroom | Crystal Oak Residency,"Ksh24,000,000",24000000.0,"Kileleshwa, Nairobi",https://realtors.co.ke/property/modern-3-bedroom-crystal-oak-residency/
"Emerald Springs Apartment In Westlands, 1 & 2 Beds For Sale","Ksh9,100,000",9100000.0,"Westlands, Nairobi",https://realtors.co.ke/property/emerald-springs-apartment-in-westlands-1-2-beds-for-sale/
The Terraces Arboretum Apartments For Sale in Nairobi,"Ksh9,600,000",9600000.0,Nairobi,https://realtors.co.ke/property/the-terraces-arboretum-apartments-for-sale-in-nairobi/
Apartments for Rent in Kileleshwa | 2 & 3 Bedroom Modern Living,"Ksh85,000",85000.0,"Kileleshwa, Nairobi",https://realtors.co.ke/property/apartments-for-rent-in-kileleshwa-2-3-bedroom-modern-living/
Modern 5-Bedroom | Crystal Oak Residency,"Ksh41,000,000",41000000.0,"Kileleshwa, Nairobi",https://realtors.co.ke/property/modern-5-bedroom-crystal-oak-residency/
MAYLAN PARK RESIDENCE – Premium Apartments in Kileleshwa (1–4 Bedrooms + DSQ),"Ksh8,400,000",8400000.0,"Kileleshwa, Nairobi",https://realtors.co.ke/property/maylan-park-residence-premium-apartments-in-kileleshwa-1-4-bedrooms-dsq/
Luxury Studios & 1-Bedroom Apartments At Westlands Canto,"$49,590",,"Westlands, Nairobi",https://realtors.co.ke/property/luxury-studios-1-bedroom-apartments-at-westlands-canto/
Modern 1 & 2-Bedroom Apartments for Sale in Westlands,"Ksh7,100,000",7100000.0,Westlands,https://realtors.co.ke/property/gemland-residence-apartments-for-sale-in-westlands/
Capital Garden Apartments in Kilimani,"Ksh6,800,000",6800000.0,"Kilimani, Nairobi",https://realtors.co.ke/property/capital-garden-apartments-in-kilimani-1-2-3-bedroom-for-sale/
"Riara One Apartments – 2 Bedroom for Sale in Lavington/Kilimani, Nairobi","Ksh12,500,000",12500000.0,"Kilimani, Lavington, Nairobi",https://realtors.co.ke/property/riara-one-apartments-2-bedroom-for-sale-in-lavington-kilimani-nairobi/
Luxury 3-Bedroom Apartments for Sale in Westlands at Atreus Brookside,"Ksh22,500,000",22500000.0,"Westlands, Nairobi",https://realtors.co.ke/property/luxury-3-bedroom-apartments-for-sale-in-westlands-at-atreus-brookside/
Modern 2 & 3-Bedroom Apartments for Sale in Riverside Drive,"Ksh11,500,000",11500000.0,Riverside,https://realtors.co.ke/property/winchester-gardens-amazing-homes/
Royal Legend Residency Apartment For Sale,"Ksh12,000,000",12000000.0,,https://realtors.co.ke/property/royal-legend-residency-apartment-for-sale-in-lavington/
Oxford Homes Apartments for Sale on Riverside Drive,"Ksh7,500,000",7500000.0,,https://realtors.co.ke/property/oxford-homes-apartments-for-sale-on-riverside-drive/
Stylish 1 Bedroom Apartment in Syokimau,"Ksh5,700,000",5700000.0,Syokimau,https://realtors.co.ke/property/stylish-1-bedroom-apartment-in-syokimau/
"5th Park Heights – 3 & 4-Bedroom Apartments for Sale in Parklands, Nairobi","Ksh24,000,000",24000000.0,"Parklands, Nairobi",https://realtors.co.ke/property/5th-park-heights-3-4-bedroom-apartments-for-sale-in-parklands-nairobi/
"1-Bedroom Apartments for Sale in Kilimani – From KES 6M | Polaris Residency, Kindaruma Road, Completion Dec 2025","Ksh6,000,000",6000000.0,Kilimani,https://realtors.co.ke/property/kilimanis-best-deal-stunning-1-bedroom-for-sale/
2 Bedroom Aparment for sale in Westlands – Emerald Springs,"Ksh12,700,000",12700000.0,"Westlands, Nairobi",https://realtors.co.ke/property/2-bedroom-aparment-for-sale-in-westlands-emerald-springs/
"Modern 2-Bedroom Apartments for Sale in Kilimani – From KES 14M | Bahari Homes, Kirichwa Road (Completion Aug 2025)","Ksh14,000,000",14000000.0,Kilimani,https://realtors.co.ke/property/modern-comfort-2-bedroom-in-kilimani/
Elite Penthouse for sale in kilimani,"Ksh38,000,000",38000000.0,Kilimani,https://realtors.co.ke/property/elite-penthouse-for-sale-in-kilimani/
"Capital Residence | Luxurious 2 & 3-Bedroom Apartments for Sale in Kilimani, Nairobi","Ksh9,100,000",9100000.0,"Kilimani, Nairobi",https://realtors.co.ke/property/capital-residence-luxurious-2-3-bedroom-apartments-for-sale-in-kilimani-nairobi/
Modern 5-Bedroom | Crystal Oak Residency,"Ksh41,000,000",41000000.0,"Kileleshwa, Nairobi",https://realtors.co.ke/property/modern-5-bedroom-crystal-oak-residency/
Modern 4-Bedroom | Crystal Oak Residency,"Ksh26,000,000",26000000.0,"Kileleshwa, Nairobi",https://realtors.co.ke/property/modern-4-bedroom-crystal-oak-residency/
Modern 3-Bedroom | Crystal Oak Residency,"Ksh24,000,000",24000000.0,"Kileleshwa, Nairobi",https://realtors.co.ke/property/modern-3-bedroom-crystal-oak-residency/
Spacious 2 Bed Apartments in Westlands,"Ksh10,500,000",10500000.0,Westlands,https://realtors.co.ke/property/spacious-2-bed-apartments-in-westlands/
"Chelezo House | Premium Apartments for Sale in Kilimani, Nairobi",,,"Kilimani, Nairobi",https://realtors.co.ke/property/chelezo-house-premium-apartments-for-sale-in-kilimani-nairobi/
Sunstone Apartment For Sale in Westlands,"Ksh22,100,000",22100000.0,Westlands,https://realtors.co.ke/property/sunstone-apartment-for-sale-in-westlands/
Riverside One Residency Apartment For Sale in Westlands,"Ksh13,500,000",13500000.0,"Kilimani, Nairobi",https://realtors.co.ke/property/riverside-one-residency-apartment-for-sale-in-westlands/
"Emerald Springs Apartment In Westlands, 1 & 2 Beds For Sale","Ksh9,100,000",9100000.0,"Westlands, Nairobi",https://realtors.co.ke/property/emerald-springs-apartment-in-westlands-1-2-beds-for-sale/
Ecovale Apartments For Sale in Rongai,"Ksh2,960,000",2960000.0,Rongai,https://realtors.co.ke/property/ecovale-apartments-for-sale-in-rongai/
Spacious 1 Bedroom Apartment for Rent in Kilimani at Oak Classic Residency,"Ksh75,000",75000.0,"Kilimani, Nairobi",https://realtors.co.ke/property/spacious-1-bedroom-apartment-for-rent-in-kilimani-at-oak-classic-residency/
Rent a Furnished 2-Bed Apartment with En-Suite,"Ksh180,000",180000.0,Westlands,https://realtors.co.ke/property/rent-a-furnished-2-bed-apartment-with-en-suite/
Elegant 2 Bedroom Apartment in Kileleshwa,"Ksh11,300,000",11300000.0,Kileleshwa,https://realtors.co.ke/property/elegant-2-bedroom-apartment-in-kileleshwa/
Modern Apartments in Westlands,"Ksh24,500,000",24500000.0,Westlands,https://realtors.co.ke/property/exeter-heights-apartment-for-rent-in-westlands/
Modern 1-Bedroom Apartment for Sale in Syokimau,"Ksh3,300,000",3300000.0,Syokimau,https://realtors.co.ke/property/affordable-1-bedroom-apartment-for-sale-in-syokimau/
"Modern 2, 3 & 4-Bedroom Duplex Apartments for Sale in Westlands","Ksh16,000,000",16000000.0,Westlands,https://realtors.co.ke/property/greenville-gardens-apartments-for-sale-in-westlands/
Modern 5-Bedroom Apartments for Sale in Parklands,"Ksh22,601,250",22601250.0,Parklands,https://realtors.co.ke/property/modern-5-bedroom-apartments-dsq-for-sale-apartments-in-parklands/
2 Bedroom Apartment for sale at Riverside Drive,"Ksh21,400,000",21400000.0,"Riverside, Westlands",https://realtors.co.ke/property/2-bedroom-apartment-for-sale-at-riverside-drive/
Furnished 2 Bedroom Cottage Apartment for Rent in Gigiri,"Ksh220,000",220000.0,,https://realtors.co.ke/property/furnished-2-bedroom-cottage-apartment-for-rent-in-gigiri/
Modern 2-Bedroom Apartments for Sale in Riverside,"Ksh9,500,000",9500000.0,,https://realtors.co.ke/property/modern-2-bedroom-apartments-for-sale-in-riverside/
Amber Bay Apartments 1 & 2 Bedroom for sale in Lavington,"Ksh5,730,000",5730000.0,"Lavington, Nairobi",https://realtors.co.ke/property/amber-bay-apartments-1-2-bedroom-for-sale-in-lavington/
Modern 3-Bedroom Duplex Apartments for Sale in General Mathenge,"$162,618",,"Westlands, Nairobi",https://realtors.co.ke/property/3-bedroom-apartments-for-sale-at-greenville-gardens/
Mordern 4 Bedroom for sale in kilimani,"Ksh26,800,000",26800000.0,Kilimani,https://realtors.co.ke/property/mordern-4-bedroom-for-sale-in-kilimani/
Luxury 1-2 Bedroom Apartments for Rent in Kilimani at Polaris Residency,"Ksh85,000",85000.0,"Kilimani, Nairobi",https://realtors.co.ke/property/luxury-1-2-bedroom-apartments-for-rent-in-kilimani-at-polaris-residency/
Modern 5-Bedroom | Crystal Oak Residency,"Ksh41,000,000",41000000.0,"Kileleshwa, Nairobi",https://realtors.co.ke/property/modern-5-bedroom-crystal-oak-residency/
Modern 4-Bedroom | Crystal Oak Residency,"Ksh26,000,000",26000000.0,"Kileleshwa, Nairobi",https://realtors.co.ke/property/modern-4-bedroom-crystal-oak-residency/
Modern 3-Bedroom | Crystal Oak Residency,"Ksh24,000,000",24000000.0,"Kileleshwa, Nairobi",https://realtors.co.ke/property/modern-3-bedroom-crystal-oak-residency/
Modern 3 & 4-Bedroom Apartments for Sale in Kileleshwa,"Ksh20,500,000",20500000.0,Kileleshwa,https://realtors.co.ke/property/elegant-3-br-promax-study-room-dsq-selling-in-kileleshwa/
Modern 3 & 4-Bedroom Apartments for Sale in Kileleshwa,"Ksh21,500,000",21500000.0,Kileleshwa,https://realtors.co.ke/property/spacious-4-br-study-room-dsq-for-sale-in-kileleshwa/
Modern 3-Bedroom Apartment for Rent in Lavington,"Ksh120,000",120000.0,Lavington,https://realtors.co.ke/property/3-bedroom-apartment-for-rent-at-kingara-road-lavington/
Luxurious Deluxe 2 Bedroom Apartments Westlands,"Ksh15,950,000",15950000.0,Westlands,https://realtors.co.ke/property/luxurious-deluxe-2-bedroom-apartments-westlands/
Modern 1-Bedroom Apartment with En Suite for Sale in Tatu City,"Ksh5,900,000",5900000.0,Tatu City,https://realtors.co.ke/property/1-bed-apartment-with-en-suite-in-tatu-city/
The Oxford Homes | 2-Bedroom Apartments,"Ksh10,500,000",10500000.0,"Westlands, Nairobi",https://realtors.co.ke/property/the-oxford-homes-2-bedroom-apartments/
Modern 2-Bedroom Apartments for Sale in Spring Valley,"Ksh27,100,000",27100000.0,"Spring Valley, Nairobi",https://realtors.co.ke/property/2-bed-apartment-for-sale-in-spring-valley/
Modern Studio Apartments for Sale in Syokimau,"Ksh2,700,000",2700000.0,Syokimau,https://realtors.co.ke/property/affordable-studio-apartment-for-sale-in-syokimau/
Modern Ambassadorial Villa | Karen,"Ksh500,000",500000.0,"Karen, Nairobi",https://realtors.co.ke/property/modern-6-bedroom-ambassadorial-villa-for-rent-in-karen/
Polaris Residency 1 & 2 Bed Apartment for sale in Kilimani,"Ksh6,000,000",6000000.0,"Kilimani, Nairobi",https://realtors.co.ke/property/polaris-residency-1-2-bed-apartment-for-sale-in-kilimani/
Oak West Residency | Modern 1-3 Bedroom Apartments for Sale in Westlands,"Ksh13,905,000",13905000.0,"Westlands, Nairobi",https://realtors.co.ke/property/oak-west-residency-in-westlands-12-3-bed-apartments-for-sale/
The Terraces Arboretum Apartments For Sale in Nairobi,"Ksh9,600,000",9600000.0,Nairobi,https://realtors.co.ke/property/the-terraces-arboretum-apartments-for-sale-in-nairobi/
Modern 2 & 3-Bedroom Apartments for Sale in Westlands,"Ksh21,750,000",21750000.0,"Westlands, Nairobi",https://realtors.co.ke/property/premium-3-bedroom-apartment-dsq-in-westlands/
Modern 1 & 2-Bedroom Apartments for Sale in Westlands,"Ksh8,700,000",8700000.0,Westlands,https://realtors.co.ke/property/diamond-bay-residences-westlands-1-2-bedroom-apartments-for-sale/
Modern 4-Bedroom + Study & DSQ Apartment for Sale in Kileleshwa,"Ksh22,000,000",22000000.0,Kileleshwa,https://realtors.co.ke/property/stately-4-bedroom-study-dsq-in-kileleshwa/
"Luxury 2 bedrooms Apartments for Sale in Westlands, Nairobi","Ksh16,000,000",16000000.0,"Westlands, Nairobi",https://realtors.co.ke/property/luxury-2-bedrooms-apartments-for-sale-in-westlands-nairobi/
Modern 4-Bedroom Villas for Sale in Loresho – The Haven,"Ksh150,000,000",150000000.0,"Loresho, Nairobi",https://realtors.co.ke/property/the-haven-loresho-four-bedroom-villa/
Modern 3 & 4-Bedroom Apartments for Sale in Lavington,"Ksh9,200,000",9200000.0,,https://realtors.co.ke/property/vibrant-2-bedroom-homes-for-sale-mararo-avenue-in-lavington/
Diplomat Residence Peponi Road Apartment For Sale,"Ksh5,000,000",5000000.0,"Westlands, Nairobi",https://realtors.co.ke/property/the-diplomat-residence-apartment-for-sale-in-westlands/
Neptune Residency Apartment In Lavington For Sale,"Ksh7,000,000",7000000.0,Nairobi,https://realtors.co.ke/property/neptune-residency-apartment-in-lavington-for-sale/
Modern 5-Bedroom | Crystal Oak Residency,"Ksh41,000,000",41000000.0,"Kileleshwa, Nairobi",https://realtors.co.ke/property/modern-5-bedroom-crystal-oak-residency/
Modern 4-Bedroom | Crystal Oak Residency,"Ksh26,000,000",26000000.0,"Kileleshwa, Nairobi",https://realtors.co.ke/property/modern-4-bedroom-crystal-oak-residency/
Modern 3-Bedroom | Crystal Oak Residency,"Ksh24,000,000",24000000.0,"Kileleshwa, Nairobi",https://realtors.co.ke/property/modern-3-bedroom-crystal-oak-residency/
"Bliss Court Apartment 1, 2 ,3 & 4 Bedroom In Kilimani for sale","Ksh7,200,000",7200000.0,"Kilimani, Nairobi",https://realtors.co.ke/property/bliss-court-apartment-1-2-3-4-bedroom-in-kilimani-for-sale/
"Modern 1, 2 & 3-Bedroom Apartments for Sale on Ngong Road","Ksh4,700,000",4700000.0,"Nairobi, Ngong",https://realtors.co.ke/property/enkang-apartments-for-sale-ngong-road-1-2-and-3-bedrooms/
Luxury 4-5 Bedroom Apartments for Sale in Parklands | Gazebo Apartments,"Ksh17,450,000",17450000.0,"Parklands, Nairobi",https://realtors.co.ke/property/luxury-4-5-bedroom-apartments-for-sale-in-parklands-gazebo-apartments/
Capital Garden Apartments in Kilimani,"Ksh6,800,000",6800000.0,"Kilimani, Nairobi",https://realtors.co.ke/property/capital-garden-apartments-in-kilimani-1-2-3-bedroom-for-sale/
Modern 1 Bedroom Apartments for Sale in Westlands,"Ksh8,840,000",8840000.0,Westlands,https://realtors.co.ke/property/modern-1-bedroom-apartments-for-sale-in-westlands/
Modern 1 & 2-Bedroom Apartments for Sale in Lavington,"Ksh13,500,000",13500000.0,Nairobi,https://realtors.co.ke/property/1-en-suite-bedroom-for-sell-at-junction-mall/
1 Bedroom Apartment to Let in Riverside Drive | Modern & Unfurnished,,,Riverside,https://realtors.co.ke/property/luxurious-1-bedroom-unfurnished-apartment-to-let/
Modern 4-Bedroom Apartment for Sale in Kileleshwa,"Ksh20,000,000",20000000.0,Kileleshwa,https://realtors.co.ke/property/comfy-residency-kileleshwa-4-bedroom-apartment-for-sale/
Exquisite 2 Bed Apartment with En Suite for sale in Riverside,"Ksh8,000,000",8000000.0,"Riverside, Westlands",https://realtors.co.ke/property/exquisite-2-bed-apartment-with-en-suite-in-riverside/
1-Bedroom Apartments for Sale in Kilimani,"Ksh8,000,000",8000000.0,"Kilimani, Nairobi",https://realtors.co.ke/property/1-bedroom-apartments-for-sale-in-kilimani/
Modern 1-Bedroom Apartments for Sale in Westlands at Mogotio Oasis,"Ksh7,500,000",7500000.0,"Westlands, Nairobi",https://realtors.co.ke/property/modern-1-bedroom-apartments-for-sale-in-westlands-at-mogotio-oasis/
Modern 2-Bedroom Apartments for Sale in Westlands,"Ksh14,950,000",14950000.0,Westlands,https://realtors.co.ke/property/deluxe-two-bedroom-apartment-in-westlands/
Platinum Oak Residency Apartment For Sale,"Ksh24,500,000",24500000.0,"Kileleshwa, Nairobi",https://realtors.co.ke/property/platinum-oak-residency/
Modern 2 & 3-Bedroom Apartments for Sale in Westlands,"Ksh21,750,000",21750000.0,"Westlands, Nairobi",https://realtors.co.ke/property/premium-3-bedroom-apartment-dsq-in-westlands/
Spacious 4-Bedroom Unfurnished Apartment for Rent in Kileleshwa,"Ksh200,000",200000.0,"Kileleshwa, Nairobi",https://realtors.co.ke/property/unfurnished-4-bedroom-in-kileleshwa/
Spacious 1 Bedroom Apartment in Kileleshwa,"Ksh6,700,000",6700000.0,Kileleshwa,https://realtors.co.ke/property/spacious-1-bedroom-apartment-in-kileleshwa/
Luxury Studios & 1-Bedroom Apartments At Westlands Canto,"$49,590",,"Westlands, Nairobi",https://realtors.co.ke/property/luxury-studios-1-bedroom-apartments-at-westlands-canto/
Modern Apartments in Kileleshwa,"Ksh20,000,000",20000000.0,"Kileleshwa, Nairobi",https://realtors.co.ke/property/diamond-oak-3-bedrooms-for-sale-at-20m/
Luxury 3-Bedroom Semi-Furnished Apartment for Rent in Kilimani at Silver Harbour,"Ksh110,000",110000.0,"Kilimani, Nairobi",https://realtors.co.ke/property/luxury-3-bedroom-semi-furnished-apartment-for-rent-in-kilimani-at-silver-harbour/
"Capital Residence | Luxurious 2 & 3-Bedroom Apartments for Sale in Kilimani, Nairobi","Ksh9,100,000",9100000.0,"Kilimani, Nairobi",https://realtors.co.ke/property/capital-residence-luxurious-2-3-bedroom-apartments-for-sale-in-kilimani-nairobi/
Modern 5-Bedroom | Crystal Oak Residency,"Ksh41,000,000",41000000.0,"Kileleshwa, Nairobi",https://realtors.co.ke/property/modern-5-bedroom-crystal-oak-residency/
Modern 4-Bedroom | Crystal Oak Residency,"Ksh26,000,000",26000000.0,"Kileleshwa, Nairobi",https://realtors.co.ke/property/modern-4-bedroom-crystal-oak-residency/
Modern 3-Bedroom | Crystal Oak Residency,"Ksh24,000,000",24000000.0,"Kileleshwa, Nairobi",https://realtors.co.ke/property/modern-3-bedroom-crystal-oak-residency/
SuperWest View Apartments for sale in Westlands,"Ksh6,800,000",6800000.0,Westlands,https://realtors.co.ke/property/superwest-view-apartments-for-sale-in-westlands/
"Modern 1, 2 & 3-Bedroom Apartments for Sale in Lavington","Ksh13,600,000",13600000.0,,https://realtors.co.ke/property/affordable-luxury-3-bedroom-for-sale-in-lavington/
Modern Apartments in Westlands,"Ksh24,500,000",24500000.0,Westlands,https://realtors.co.ke/property/exeter-heights-apartment-for-rent-in-westlands/
Loft Creek Residency Apartments Kileleshwa 3 & 4 Bed For Sale,"Ksh15,000,000",15000000.0,"Kileleshwa, Nairobi",https://realtors.co.ke/property/loft-creek-residency-apartments-kileleshwa-3-4-bed-for-sale/
4 Bedroom Unfurnished Townhouse for Rent in Runda,"$2,000",,"Runda, Nairobi",https://realtors.co.ke/property/4-bedroom-unfurnished-townhouse-for-rent-in-runda/
"Cheval Riverside Luxury Apartments for Sale in Westlands, Nairobi","Ksh8,300,000",8300000.0,"Westlands, Nairobi",https://realtors.co.ke/property/cheval-riverside-luxury-apartments-in-westlands-1-2-bedroom-units-for-sale/
Modern 1-Bedroom Apartments for Sale in Westlands,"Ksh8,000,000",8000000.0,Westlands,https://realtors.co.ke/property/westlands-1-bed-for-sale/
Modern 3-Bedroom Apartments for Sale in Westlands,"Ksh39,000,000",39000000.0,"Westlands, Nairobi",https://realtors.co.ke/property/3-bedroom-apartments-for-sale-at-sunset-park-westlands/
Furnished Apartments for Rent in Lavington | Long Stay on Mbaazi Avenue,"Ksh190,000",190000.0,,https://realtors.co.ke/property/furnished-apartments-for-rent-in-lavington-long-stay-on-mbaazi-avenue/
Aya Luxury Residences Kileleshwa Studio & Villas For Sale,"Ksh16,000,000",16000000.0,Kileleshwa,https://realtors.co.ke/property/aya-luxury-residences-kileleshwa-studio-villas-for-sale/
Modern 5-Bedroom | Crystal Oak Residency,"Ksh41,000,000",41000000.0,"Kileleshwa, Nairobi",https://realtors.co.ke/property/modern-5-bedroom-crystal-oak-residency/
Modern 1 & 2 Bedroom Apartments for Sale in Kileleshwa – Crescent Residency,"Ksh6,600,000",6600000.0,"Kileleshwa, Nairobi",https://realtors.co.ke/property/crescent-residency-apartment-in-kileleshwa1-2-beds-for-sale/
"Anjoy Homes: 1, 2, 3 & 4 Bedroom Apartments for Sale in Upper Hill Nairobi","Ksh6,500,000",6500000.0,"Upperhill, Nairobi",https://realtors.co.ke/property/anjoy-homes-1-2-3-4-bedroom-apartments-for-sale-in-upper-hill-nairobi/
Modern 3 & 4-Bedroom Apartments for Sale in Kileleshwa,"Ksh20,500,000",20500000.0,Kileleshwa,https://realtors.co.ke/property/elegant-3-br-promax-study-room-dsq-selling-in-kileleshwa/
Only You Elgeyo Apartments,"Ksh28,000,000",28000000.0,"Kilimani, Nairobi",https://realtors.co.ke/property/only-you-elgeyo-apartments/
"2-Bedroom Apartments for Sale in Kilimani – From KES 10.3M (94–102 sqm) | Menelik Road, Completion March 2026","Ksh10,300,000",10300000.0,Kilimani,https://realtors.co.ke/property/stylish-affordable-2-bedroom-in-kilimani/
"Riya Apartments | 4-Bedroom Apartment for Sale in Parklands, Nairobi","Ksh25,000,000",25000000.0,"Parklands, Nairobi",https://realtors.co.ke/property/riya-apartments-4-bedroom-apartment-for-sale-in-parklands-nairobi/
Calla Residency Westlands – 1 & 2 Bedroom Apartments for Sale on Old Waiyaki Way,"Ksh10,500,000",10500000.0,"Westlands, Nairobi",https://realtors.co.ke/property/1-2-bedroom-apartments-for-sale-in-westlands-calla-residency/
Furnished & Serviced Apartment for Rent in Upperhill Nairobi (KSh 90K),"Ksh90,000",90000.0,"Upperhill, Nairobi",https://realtors.co.ke/property/furnished-and-serviced-apartment-in-upperhill/
Modern 1-Bedroom Apartments for Sale in Kileleshwa,"Ksh4,880,000",4880000.0,Kileleshwa,https://realtors.co.ke/property/luxury-1-bedroom-in-kileleshwa/
Modern 5-Bedroom | Crystal Oak Residency,"Ksh41,000,000",41000000.0,"Kileleshwa, Nairobi",https://realtors.co.ke/property/modern-5-bedroom-crystal-oak-residency/
Modern 4-Bedroom | Crystal Oak Residency,"Ksh26,000,000",26000000.0,"Kileleshwa, Nairobi",https://realtors.co.ke/property/modern-4-bedroom-crystal-oak-residency/
Modern 3-Bedroom | Crystal Oak Residency,"Ksh24,000,000",24000000.0,"Kileleshwa, Nairobi",https://realtors.co.ke/property/modern-3-bedroom-crystal-oak-residency/
The Oxford Homes Apartments for Sale,"Ksh6,500,000",6500000.0,"Westlands, Nairobi",https://realtors.co.ke/property/the-oxford-homes-apartments-for-sale/
Leo Residence Apartments,"Ksh6,500,000",6500000.0,"Lavington, Nairobi",https://realtors.co.ke/property/leo-residence-apartment-for-sale-in-lavington/
Modern Apartments in Westlands,"Ksh24,500,000",24500000.0,Westlands,https://realtors.co.ke/property/exeter-heights-apartment-for-rent-in-westlands/
Modern 3 & 4 Bedroom Apartments for Sale in Parklands,"Ksh16,720,000",16720000.0,"Parklands, Nairobi",https://realtors.co.ke/property/modern-3-4-bedroom-apartments-for-sale-in-parklands/
Modern 5-Bedroom | Crystal Oak Residency,"Ksh41,000,000",41000000.0,"Kileleshwa, Nairobi",https://realtors.co.ke/property/modern-5-bedroom-crystal-oak-residency/
Luxury 1-2 Bedroom Apartments for Rent in Kilimani at Polaris Residency,"Ksh85,000",85000.0,"Kilimani, Nairobi",https://realtors.co.ke/property/luxury-1-2-bedroom-apartments-for-rent-in-kilimani-at-polaris-residency/
Spacious Studio Apartment for Rent in Kilimani,"Ksh100,000",100000.0,"Kilimani, Nairobi",https://realtors.co.ke/property/spacious-studio-for-rent-in-kilimani/
Luxury 2-Bedroom Apartments for Sale in Westlands | Ubora Living,"Ksh17,400,000",17400000.0,"Westlands, Nairobi",https://realtors.co.ke/property/luxury-2-bedroom-apartments-for-sale-in-westlands-ubora-living/
Modern 1-Bedroom Apartment for Sale in Syokimau,"Ksh3,300,000",3300000.0,Syokimau,https://realtors.co.ke/property/affordable-1-bedroom-apartment-for-sale-in-syokimau/
The Oxford Homes | 1-Bedroom Apartments,"Ksh6,500,000",6500000.0,"Westlands, Nairobi",https://realtors.co.ke/property/the-oxford-homes-1-bedroom-apartments/
Seefar Apartments 2 Bed For Sale In Langata Highrise Estate,"Ksh6,000,000",6000000.0,Nairobi,https://realtors.co.ke/property/seefar-apartments-2-bed-for-sale-in-langata-highrise-estate/
Furnished 4-bedroom Apartment for Rent in Westlands,"Ksh300,000",300000.0,"Westlands, Nairobi",https://realtors.co.ke/property/furnished-4-bedroom-apartment-for-rent-in-westlands/
3 Bedroom Apartment for Sale in Kileleshwa (180 sqm) – With Study Room,"Ksh19,000,000",19000000.0,"Kileleshwa, Nairobi",https://realtors.co.ke/property/3-bedroom-apartment-for-sale-in-kileleshwa-180-sqm-with-study-room/
Riverside Azure Apartments: Luxury Off-Plan Investment on 25 Riverside Drive,"Ksh14,800,000",14800000.0,"Riverside, Westlands, Nairobi",https://realtors.co.ke/property/riverside-azure/
2 Bedroom Apartment plus Study for Sale in Kilimani-Oak Classic Residency,"Ksh15,000,000",15000000.0,"Kilimani, Nairobi",https://realtors.co.ke/property/2-bedroom-apartment-plus-study-for-sale-in-kilimani-oak-classic-residency/
Modern Apartments for Sale in Westlands – Marble West,"Ksh6,600,000",6600000.0,"Westlands, Nairobi",https://realtors.co.ke/property/marble-west-apartments-westlands/
Spacious 1 Bedroom Apartment in Kileleshwa,"Ksh6,700,000",6700000.0,Kileleshwa,https://realtors.co.ke/property/spacious-1-bedroom-apartment-in-kileleshwa/
Unfurnished 1 & 2 Bedroom Apartments for Rent in Kilimani – George Padmore Road,"Ksh75,000",75000.0,"Kilimani, Nairobi",https://realtors.co.ke/property/unfurnished-1-2-bedroom-apartments-for-rent-in-kilimani-george-padmore-road/
"Devine Suites | Luxurious Furnished 1 & 2-Bedroom Apartments for Sale in Riverside Drive, Nairobi","Ksh17,000,000",17000000.0,"Riverside, Nairobi",https://realtors.co.ke/property/devine-suites-luxurious-furnished-1-2-bedroom-apartments-for-sale-in-riverside-drive-nairobi/
Alba Gardens Apartment In Kilimani For Sale,"Ksh6,700,000",6700000.0,"Kilimani, Nairobi",https://realtors.co.ke/property/alba-gardens-apartment-in-kilimani-studio12-3-bed-for-sale/
Modern 5-Bedroom | Crystal Oak Residency,"Ksh41,000,000",41000000.0,"Kileleshwa, Nairobi",https://realtors.co.ke/property/modern-5-bedroom-crystal-oak-residency/
Modern 4-Bedroom | Crystal Oak Residency,"Ksh26,000,000",26000000.0,"Kileleshwa, Nairobi",https://realtors.co.ke/property/modern-4-bedroom-crystal-oak-residency/
Modern 3-Bedroom | Crystal Oak Residency,"Ksh24,000,000",24000000.0,"Kileleshwa, Nairobi",https://realtors.co.ke/property/modern-3-bedroom-crystal-oak-residency/
2 Bedroom Apartment plus Study for Sale in Kilimani-Oak Classic Residency,"Ksh15,000,000",15000000.0,"Kilimani, Nairobi",https://realtors.co.ke/property/2-bedroom-apartment-plus-study-for-sale-in-kilimani-oak-classic-residency/
4 Bedroom Unfurnished Townhouse for Rent in Runda,"$2,000",,"Runda, Nairobi",https://realtors.co.ke/property/4-bedroom-unfurnished-townhouse-for-rent-in-runda/
Luxury 4-5 Bedroom Apartments for Sale in Parklands | Gazebo Apartments,"Ksh17,450,000",17450000.0,"Parklands, Nairobi",https://realtors.co.ke/property/luxury-4-5-bedroom-apartments-for-sale-in-parklands-gazebo-apartments/
Modern 2 Bedroom Apartments for Sale in Parklands at Sultana Residency,"Ksh12,218,000",12218000.0,"Parklands, Nairobi",https://realtors.co.ke/property/modern-2-bedroom-apartments-for-sale-in-parklands-at-sultana-residency/
Modern Kitisuru Apartments for Sale at Eternity Heights – Duplex & Penthouse,"Ksh12,500,000",12500000.0,"Kitisuru, Nairobi",https://realtors.co.ke/property/modern-2-3-bedroom-in-kitisuru-west-eternity-heights/
Modern 1 & 2-Bedroom Apartments for Sale in Westlands,"Ksh8,700,000",8700000.0,Westlands,https://realtors.co.ke/property/diamond-bay-residences-westlands-1-2-bedroom-apartments-for-sale/
Meticulous 2 bedroom apartments for sale in Kileleshwa,"Ksh8,500,000",8500000.0,Kileleshwa,https://realtors.co.ke/property/meticulous-2-bedroom-apartments-for-sale-in-kileleshwa/
Elegant 3 Bed Apartment with En Suite for sale in Riverside,"Ksh40,300,000",40300000.0,"Riverside, Westlands",https://realtors.co.ke/property/elegant-3-bed-apartment-with-en-suite-in-riverside/
"Luminara Apartments – Luxury 1 & 2 Bedroom Apartments for Sale in Westlands, Mogotio Road","Ksh7,200,000",7200000.0,"Westlands, Nairobi",https://realtors.co.ke/property/luminara-apartments-luxury-1-2-bedroom-apartments-for-sale-in-westlands-mogotio-road/
1 Bedroom Apartment for sale at Riverside Drive,"Ksh12,800,000",12800000.0,"Riverside, Westlands",https://realtors.co.ke/property/1-bedroom-apartment-for-sale-at-riverside-drive/
Modern 1 & 2-Bedroom Apartments for Sale in Lavington,"Ksh6,000,000",6000000.0,Lavington,https://realtors.co.ke/property/leo-residence-apartments-for-sale-in-lavington/
Modern 1-2 Bedroom Apartments for Sale in Kileleshwa,"Ksh7,500,000",7500000.0,"Kileleshwa, Nairobi",https://realtors.co.ke/property/modern-1-2-bedroom-apartments-for-sale-in-kileleshwa/
Modern 1 & 2-Bedroom Apartments for Sale in Lavington,"Ksh13,500,000",13500000.0,Nairobi,https://realtors.co.ke/property/1-en-suite-bedroom-for-sell-at-junction-mall/
Luxury 3-Bedroom Apartments for Sale in Parklands at Gazebo Apartments,"Ksh14,870,000",14870000.0,"Parklands, Nairobi",https://realtors.co.ke/property/luxury-3-bedroom-apartments-for-sale-in-parklands-at-gazebo-apartments/
"Zahra Heights | Luxurious 3-Bedroom Apartment for Rent in Kilimani, Nairobi","Ksh150,000",150000.0,"Kilimani, Nairobi",https://realtors.co.ke/property/3-bedroom-apartment-for-rent-kilimani-nairobi-zahra-heights/
1 Bedroom Aparment for sale in Westlands – Emerald Springs,"Ksh7,800,000",7800000.0,"Westlands, Nairobi",https://realtors.co.ke/property/1-bedroom-aparment-for-sale-in-westlands-emerald-springs/
Ecovale Apartments For Sale in Rongai,"Ksh2,960,000",2960000.0,Rongai,https://realtors.co.ke/property/ecovale-apartments-for-sale-in-rongai/
Modern 2-Bedroom Apartment for Sale in Riverside,"Ksh15,000,000",15000000.0,"Riverside, Westlands",https://realtors.co.ke/property/elegant-2-bedroom-apartment-for-sale-in-riverside/
Royal Legend Residency Apartment For Sale,"Ksh12,000,000",12000000.0,,https://realtors.co.ke/property/royal-legend-residency-apartment-for-sale-in-lavington/
"Modern 3, 4 & 5-Bedroom Apartments for Sale in Riverside","Ksh45,000,000",45000000.0,,https://realtors.co.ke/property/4-bedroom-apartments-for-sale-in-riverside/
Modern 5-Bedroom | Crystal Oak Residency,"Ksh41,000,000",41000000.0,"Kileleshwa, Nairobi",https://realtors.co.ke/property/modern-5-bedroom-crystal-oak-residency/
Modern 4-Bedroom | Crystal Oak Residency,"Ksh26,000,000",26000000.0,"Kileleshwa, Nairobi",https://realtors.co.ke/property/modern-4-bedroom-crystal-oak-residency/
Modern 3-Bedroom | Crystal Oak Residency,"Ksh24,000,000",24000000.0,"Kileleshwa, Nairobi",https://realtors.co.ke/property/modern-3-bedroom-crystal-oak-residency/
Apartments for Sale in Kileleshwa,"Ksh11,000,000",11000000.0,"Kileleshwa, Nairobi",https://realtors.co.ke/property/nandwa-residence-apartment-3-4-bedroom/
Riverside One Residency Apartment For Sale in Westlands,"Ksh13,500,000",13500000.0,"Kilimani, Nairobi",https://realtors.co.ke/property/riverside-one-residency-apartment-for-sale-in-westlands/
88 Nairobi Apartments For Sale in Nairobi,"Ksh13,400,000",13400000.0,"Upperhill, Nairobi",https://realtors.co.ke/property/88-nairobi-apartments-for-sale-in-nairobi/
Modern 1-Bedroom Apartments for Sale in Westlands at Mogotio Oasis,"Ksh7,500,000",7500000.0,"Westlands, Nairobi",https://realtors.co.ke/property/modern-1-bedroom-apartments-for-sale-in-westlands-at-mogotio-oasis/
Affordable Standard 1 Bedroom Apartment in Westlands,"Ksh8,600,000",8600000.0,Westlands,https://realtors.co.ke/property/affordable-standard-1-bedroom-apartment-in-westlands/
Modern 2-Bedroom Apartments for Sale in Westlands,"Ksh9,000,000",9000000.0,Kileleshwa,https://realtors.co.ke/property/new-elegant-2-bedroom-study-room-for-sale-in-kileleshwa/
Modern Apartments for Sale | Syokimau,"Ksh9,000,000",9000000.0,"Syokimau, Nairobi",https://realtors.co.ke/property/amalia-apartments-for-sale-in-syokimau/
Spacious 3 Bedroom Apartment for Sale in Kileleshwa – Maiga Mairu Road,"Ksh14,000,000",14000000.0,"Kileleshwa, Nairobi",https://realtors.co.ke/property/spacious-3-bedroom-apartment-for-sale-in-kileleshwa-maiga-mairu-road/
Spacious 2 Bedroom Apartment for Sale in Syokimau,"Ksh8,700,000",8700000.0,Syokimau,https://realtors.co.ke/property/spacious-2-bedroom-apartment-for-sale-in-syokimau/
The Brickford Heights Apartments For Sale in Kilimani,"Ksh5,500,000",5500000.0,Kilimani,https://realtors.co.ke/property/the-brickford-heights-apartments-for-sale-in-kilimani/
Luxury 3-Bedroom Apartments for Sale in Parklands at Gazebo Apartments,"Ksh14,870,000",14870000.0,"Parklands, Nairobi",https://realtors.co.ke/property/luxury-3-bedroom-apartments-for-sale-in-parklands-at-gazebo-apartments/
Cozy Mini Two-Bedroom Apartment in Westlands,"Ksh10,950,000",10950000.0,Westlands,https://realtors.co.ke/property/cozy-mini-two-bedroom-apartment-in-westlands/
Modern 3-Bedroom Apartments for Sale in Kilimani – Jabavu Heights,"Ksh34,000,000",34000000.0,"Kilimani, Nairobi",https://realtors.co.ke/property/jabavu-residence-for-sale-in-kilimani/
Aria Capital Apartments Upper Hill – Luxury Living with Elevated Views,,,"Upper Hill, Nairobi",https://realtors.co.ke/property/aria-capital-apartments-upper-hill-luxury-living-with-elevated-views/
Modern Apartments in Kileleshwa,"Ksh20,000,000",20000000.0,"Kileleshwa, Nairobi",https://realtors.co.ke/property/diamond-oak-3-bedrooms-for-sale-at-20m/
Modern 1 & 2-Bedroom Apartments for Sale in Lavington,"Ksh13,500,000",13500000.0,Nairobi,https://realtors.co.ke/property/1-en-suite-bedroom-for-sell-at-junction-mall/
Modern 2-Bedroom Apartments for Sale in Syokimau at Kivulini Road,"Ksh8,600,000",8600000.0,"Syokimau, Nairobi",https://realtors.co.ke/property/modern-2-bedroom-apartments-for-sale-in-syokimau-at-kivulini-road/
1 Bedroom Apartment for Rent near Two Rivers | Executive Apartments,"Ksh150,000",150000.0,Nairobi,https://realtors.co.ke/property/modern-lovely-1-bedroom-apartment-for-rent/
Modern Ambassadorial Villa | Karen,"Ksh500,000",500000.0,"Karen, Nairobi",https://realtors.co.ke/property/modern-6-bedroom-ambassadorial-villa-for-rent-in-karen/
3 Bedroom Bungalow fo rent in Runda,"$1,500",,"Runda, Nairobi",https://realtors.co.ke/property/3-bedroom-bungalow-fo-rent-in-runda/
Modern 5-Bedroom | Crystal Oak Residency,"Ksh41,000,000",41000000.0,"Kileleshwa, Nairobi",https://realtors.co.ke/property/modern-5-bedroom-crystal-oak-residency/
Modern 4-Bedroom | Crystal Oak Residency,"Ksh26,000,000",26000000.0,"Kileleshwa, Nairobi",https://realtors.co.ke/property/modern-4-bedroom-crystal-oak-residency/
Modern 3-Bedroom | Crystal Oak Residency,"Ksh24,000,000",24000000.0,"Kileleshwa, Nairobi",https://realtors.co.ke/property/modern-3-bedroom-crystal-oak-residency/
Luxury 3-Bedroom Semi-Furnished Apartment for Rent in Kilimani at Silver Harbour,"Ksh110,000",110000.0,"Kilimani, Nairobi",https://realtors.co.ke/property/luxury-3-bedroom-semi-furnished-apartment-for-rent-in-kilimani-at-silver-harbour/
1 Bedroom Apartment to Let in Riverside Drive | Modern & Unfurnished,,,Riverside,https://realtors.co.ke/property/luxurious-1-bedroom-unfurnished-apartment-to-let/
Modern 1-Bedroom Apartments for Sale in Kilimani,"Ksh8,300,000",8300000.0,Kilimani,https://realtors.co.ke/property/secure-spacious-1-bedroom-in-kilimani/
Modern 3-Bedroom Apartment for Sale in Riverside Drive,"Ksh15,500,000",15500000.0,"Riverside, Nairobi",https://realtors.co.ke/property/3-bedroom-apartment-for-sale-in-riverside/
1 Bedroom Apartment for Sale in Kilimani,"Ksh6,300,000",6300000.0,"Kilimani, Nairobi",https://realtors.co.ke/property/1-bedroom-apartment-for-sale-in-kilimani/
Modern 3 & 4 Bedroom Apartments for Sale in Parklands,"Ksh16,720,000",16720000.0,"Parklands, Nairobi",https://realtors.co.ke/property/modern-3-4-bedroom-apartments-for-sale-in-parklands/
Versailles Gardens Apartments for sale in Kileleshwa,"Ksh5,500,000",5500000.0,Kileleshwa,https://realtors.co.ke/property/versailles-gardens-kileleshwa/
"Silver Harbor | Luxurious 2, 3 & 4 Apartments for Sale in Kilimani, Nairobi","Ksh12,000,000",12000000.0,"Kilimani, Nairobi",https://realtors.co.ke/property/silver-harbor-luxurious-2-3-4-apartments-for-sale-in-kilimani-nairobi/
Platinum Oak Residency Apartment For Sale,"Ksh24,500,000",24500000.0,"Kileleshwa, Nairobi",https://realtors.co.ke/property/platinum-oak-residency/
Executive 1 Bed Apartment with En Suite for sale in Riverside,"Ksh15,100,000",15100000.0,"Riverside, Westlands",https://realtors.co.ke/property/executive-1-bed-apartment-with-en-suite-in-riverside/
2 Bedroom Apartment for sale at Riverside Drive,"Ksh21,400,000",21400000.0,"Riverside, Westlands",https://realtors.co.ke/property/2-bedroom-apartment-for-sale-at-riverside-drive/
"Luxury 2-Bedroom Highrise Apartments for Sale in Westlands, Nairobi","Ksh10,500,000",10500000.0,"Westlands, Nairobi",https://realtors.co.ke/property/luxury-2-bedroom-highrise-apartments-for-sale-in-westlands-nairobi/
Mordern 4 Bedroom for sale in kilimani,"Ksh26,800,000",26800000.0,Kilimani,https://realtors.co.ke/property/mordern-4-bedroom-for-sale-in-kilimani/
Riverside One Residency Apartment For Sale in Westlands,"Ksh13,500,000",13500000.0,"Kilimani, Nairobi",https://realtors.co.ke/property/riverside-one-residency-apartment-for-sale-in-westlands/
"Zahra Heights | Luxurious 3-Bedroom Apartment for Rent in Kilimani, Nairobi","Ksh150,000",150000.0,"Kilimani, Nairobi",https://realtors.co.ke/property/3-bedroom-apartment-for-rent-kilimani-nairobi-zahra-heights/
2 & 3-bedroom Apartments to let on Chady Road,"Ksh53,000",53000.0,"Syokimau, Nairobi",https://realtors.co.ke/property/3-bedroom-apartments-to-let-on-chady-road/
Elegant 3 Bedroom Apartment for Sale in Syokimau,"Ksh10,900,000",10900000.0,Syokimau,https://realtors.co.ke/property/elegant-3-bedroom-apartment-for-sale-in-syokimau/
Modern 1 & 2-Bedroom Apartments for Sale in Westlands,"Ksh9,450,000",9450000.0,Westlands,https://realtors.co.ke/property/westlands-gen-2-bedroom-for-sale/
1 Bedroom Apartment for Sale in Kilimani – Oak Breeze Residency (50 SQM),"Ksh6,000,000",6000000.0,"Kilimani, Nairobi",https://realtors.co.ke/property/1-bedroom-apartment-for-sale-in-kilimani-oak-breeze-residency-50-sqm/
"3 Bedroom Apartment for Sale in Kilimani, Elgeyo Road – Ultra-Modern Luxury Living | KES 30M","Ksh30,000,000",30000000.0,"Kilimani, Nairobi",https://realtors.co.ke/property/3-bedroom-apartment-for-sale-in-kilimani-elgeyo-road-ultra-modern-luxury-living-kes-30m/
Modern 5-Bedroom | Crystal Oak Residency,"Ksh41,000,000",41000000.0,"Kileleshwa, Nairobi",https://realtors.co.ke/property/modern-5-bedroom-crystal-oak-residency/
Modern 4-Bedroom | Crystal Oak Residency,"Ksh26,000,000",26000000.0,"Kileleshwa, Nairobi",https://realtors.co.ke/property/modern-4-bedroom-crystal-oak-residency/
Modern 3-Bedroom | Crystal Oak Residency,"Ksh24,000,000",24000000.0,"Kileleshwa, Nairobi",https://realtors.co.ke/property/modern-3-bedroom-crystal-oak-residency/
Luxury 1-2 Bedroom Apartments for Rent in Kilimani at Polaris Residency,"Ksh85,000",85000.0,"Kilimani, Nairobi",https://realtors.co.ke/property/luxury-1-2-bedroom-apartments-for-rent-in-kilimani-at-polaris-residency/
Modern 3 & 4-Bedroom Apartments for Sale in Kileleshwa,"Ksh20,500,000",20500000.0,Kileleshwa,https://realtors.co.ke/property/elegant-3-br-promax-study-room-dsq-selling-in-kileleshwa/
2 Bedroom Apartment for Rent in Kilimani Near Yaya Centre,"Ksh150,000",150000.0,"Kilimani, Nairobi",https://realtors.co.ke/property/luxurious-two-bedroom-apartment-for-rent/
"1-Bedroom Apartments for Sale in Kilimani – From KES 7.15M (65–78 sqm) | Menelik Road, Completion March 2026","Ksh7,150,000",7150000.0,Kilimani,https://realtors.co.ke/property/elegant-1-bedroom-apartment-in-kilimani-for-sale/
Emaar Residence Apartment 3 & 4 Bed for Sale in Westlands,"Ksh22,200,000",22200000.0,"Westlands, Nairobi",https://realtors.co.ke/property/emaar-residence-apartment-3-4-bed-for-sale-in-westlands/
88 Nairobi Apartments For Sale in Nairobi,"Ksh13,400,000",13400000.0,"Upperhill, Nairobi",https://realtors.co.ke/property/88-nairobi-apartments-for-sale-in-nairobi/
"Luminara Apartments – Luxury 1 & 2 Bedroom Apartments for Sale in Westlands, Mogotio Road","Ksh7,200,000",7200000.0,"Westlands, Nairobi",https://realtors.co.ke/property/luminara-apartments-luxury-1-2-bedroom-apartments-for-sale-in-westlands-mogotio-road/
Modern 3-Bedroom Apartment for Sale in Riverside Drive,"Ksh15,500,000",15500000.0,"Riverside, Nairobi",https://realtors.co.ke/property/3-bedroom-apartment-for-sale-in-riverside/
Modern 3-Bedroom Apartment for Rent in Lavington,"Ksh110,000",110000.0,Lavington,https://realtors.co.ke/property/3-bedroom-apartment-for-rent-in-lavington-with-en-suite/
3 Bed Apartment En Suite at General Mathenge,"Ksh16,000,000",16000000.0,"Westlands, Nairobi",https://realtors.co.ke/property/3-bed-apartment-en-suite-at-general-mathenge/
Brookside Oak Apartments | 3-Bedroom,"Ksh18,200,000",18200000.0,"Westlands, Nairobi",https://realtors.co.ke/property/brookside-oak-apartments-3-bedroom/
Tsavorite Gardens Apartments For Sale in Kilimani,"Ksh10,500,000",10500000.0,Kilimani,https://realtors.co.ke/property/tsavorite-gardens-apartments-for-sale-in-kilimani/
Modern 4-Bedroom | Crystal Oak Residency,"Ksh26,000,000",26000000.0,"Kileleshwa, Nairobi",https://realtors.co.ke/property/modern-4-bedroom-crystal-oak-residency/
Modern 3 Bedroom Apartment,"Ksh36,000,000",36000000.0,"Riverside, Westlands",https://realtors.co.ke/property/modern-3-bedroom-apartment-for-sale-in-riverside-drive/
Modern 2-Bedroom Apartment in Kilimani,"Ksh13,600,000",13600000.0,"Kilimani, Nairobi",https://realtors.co.ke/property/2-bedroom-apartment-dsq/
Elegant 2 Bedroom Furnished Apartment on Riverside Drive,"Ksh115,000",115000.0,Riverside,https://realtors.co.ke/property/elegant-2-bedroom-furnished-apartment-on-riverside-drive/
Alina Harbour Apartments For Sale in Kilimani,"Ksh8,600,000",8600000.0,"Kilimani, Nairobi",https://realtors.co.ke/property/alina-harbour-apartments-for-sale-in-kilimani/
Modern 1 & 2-Bedroom Apartments for Sale in Westlands,"Ksh14,200,000",14200000.0,"Westlands, Nairobi",https://realtors.co.ke/property/affordable-2-bedroom-99-sqm-apartment-in-westlands/
"Luxury 2 bedrooms Apartments for Sale in Westlands, Nairobi","Ksh16,000,000",16000000.0,"Westlands, Nairobi",https://realtors.co.ke/property/luxury-2-bedrooms-apartments-for-sale-in-westlands-nairobi/
Loft Creek Residency Apartments Kileleshwa 3 & 4 Bed For Sale,"Ksh15,000,000",15000000.0,"Kileleshwa, Nairobi",https://realtors.co.ke/property/loft-creek-residency-apartments-kileleshwa-3-4-bed-for-sale/
Modern 5-Bedroom | Crystal Oak Residency,"Ksh41,000,000",41000000.0,"Kileleshwa, Nairobi",https://realtors.co.ke/property/modern-5-bedroom-crystal-oak-residency/
Modern 4-Bedroom | Crystal Oak Residency,"Ksh26,000,000",26000000.0,"Kileleshwa, Nairobi",https://realtors.co.ke/property/modern-4-bedroom-crystal-oak-residency/
Modern 3-Bedroom | Crystal Oak Residency,"Ksh24,000,000",24000000.0,"Kileleshwa, Nairobi",https://realtors.co.ke/property/modern-3-bedroom-crystal-oak-residency/
Apartments for Sale in Kileleshwa,"Ksh23,000,000",23000000.0,"Kileleshwa, Nairobi",https://realtors.co.ke/property/apartments-for-sale-in-kileleshwa/
"Bliss Court Apartment 1, 2 ,3 & 4 Bedroom In Kilimani for sale","Ksh7,200,000",7200000.0,"Kilimani, Nairobi",https://realtors.co.ke/property/bliss-court-apartment-1-2-3-4-bedroom-in-kilimani-for-sale/
Modern 1 & 2-Bedroom Apartments for Sale in Kileleshwa,"Ksh9,500,000",9500000.0,Kileleshwa,https://realtors.co.ke/property/siaya-park-apartments-for-sale-in-kileleshwa/
Modern 3-Bedroom Apartment for Sale in Kileleshwa,"Ksh19,500,000",19500000.0,Kileleshwa,https://realtors.co.ke/property/3-bedroom-apartment-for-sale-at-diamond-ivy-residence/
Spacious 5 bedroom for sale in kilimani,"Ksh34,500,000",34500000.0,,https://realtors.co.ke/property/spacious-5-bedroom-for-sale-in-kilimani/
Duplex & Penthouse for sale at Riverside Drive,"Ksh93,200,000",93200000.0,Riverside,https://realtors.co.ke/property/duplex-penthouse-for-sale-at-riverside-drive/
Modern Apartments for Sale in Westlands,"Ksh7,300,000",7300000.0,Westlands,https://realtors.co.ke/property/dg-west-apartment-1-2-bedroom-for-sale-in-westlands-nairobi/
"5th Park Heights – 3 & 4-Bedroom Apartments for Sale in Parklands, Nairobi","Ksh24,000,000",24000000.0,"Parklands, Nairobi",https://realtors.co.ke/property/5th-park-heights-3-4-bedroom-apartments-for-sale-in-parklands-nairobi/
"Modern 3-Bedroom Apartments for Sale | Kileleshwa, Mandera Road","Ksh12,000,000",12000000.0,"Kileleshwa, Nairobi",https://realtors.co.ke/property/modern-3-bedroom-apartments-for-sale-kileleshwa-mandera-road/
"Modern 3, 4 & 5-Bedroom Apartments for Sale in Riverside","Ksh35,000,000",35000000.0,"Riverside, Westlands",https://realtors.co.ke/property/trident-grand-riverside-apartments-for-sale/
Modern 1-2 Bedroom Apartments for Sale in Kileleshwa,"Ksh7,500,000",7500000.0,"Kileleshwa, Nairobi",https://realtors.co.ke/property/modern-1-2-bedroom-apartments-for-sale-in-kileleshwa/
1 Bedroom Apartment to Let in Riverside Drive | Modern & Unfurnished,,,Riverside,https://realtors.co.ke/property/luxurious-1-bedroom-unfurnished-apartment-to-let/
Lovi Crescent | Modern Apartment For Sale on Church Road,"Ksh6,700,000",6700000.0,"Westlands, Nairobi",https://realtors.co.ke/property/lovi-crescent-apartment-in-westlands-12-3-bedroom-for-sale/
Sunstone Apartment For Sale in Westlands,"Ksh22,100,000",22100000.0,Westlands,https://realtors.co.ke/property/sunstone-apartment-for-sale-in-westlands/
Modern 1 & 2-Bedroom Apartments for Sale in Lavington,"Ksh14,500,000",14500000.0,Nairobi,https://realtors.co.ke/property/2-en-suite-bedroom-for-sale-behind-junction-mall/
Luxurious 1 Bedroom Apartment in Kileleshwa,"Ksh6,600,000",6600000.0,Kileleshwa,https://realtors.co.ke/property/luxurious-1-bedroom-apartment-in-kileleshwa/
Modern Studio Apartments for Sale in Syokimau,"Ksh2,700,000",2700000.0,Syokimau,https://realtors.co.ke/property/affordable-studio-apartment-for-sale-in-syokimau/
"Verona Apartment In Westlands 1,2,3 Bed & Penthouse For Sale","Ksh6,700,000",6700000.0,"Westlands, Nairobi",https://realtors.co.ke/property/verona-apartment-in-westlands-123-bed-penthouse-for-sale/
"Modern 2, 3 & 4-Bedroom Duplex Apartments for Sale in Westlands","Ksh16,000,000",16000000.0,Westlands,https://realtors.co.ke/property/greenville-gardens-apartments-for-sale-in-westlands/
"Luxurious 1, 2 & 3-Bedroom Apartments for Sale in Westlands, Nairobi | Ivory Terrace",,,"Westlands, Nairobi",https://realtors.co.ke/property/luxurious-apartments-for-sale-westlands-nairobi/
Modern 5-Bedroom | Crystal Oak Residency,"Ksh41,000,000",41000000.0,"Kileleshwa, Nairobi",https://realtors.co.ke/property/modern-5-bedroom-crystal-oak-residency/
Modern 4-Bedroom | Crystal Oak Residency,"Ksh26,000,000",26000000.0,"Kileleshwa, Nairobi",https://realtors.co.ke/property/modern-4-bedroom-crystal-oak-residency/
Modern 3-Bedroom | Crystal Oak Residency,"Ksh24,000,000",24000000.0,"Kileleshwa, Nairobi",https://realtors.co.ke/property/modern-3-bedroom-crystal-oak-residency/
"Kindaruma Homes Apartments 1,2 & 3 Bedrooms In Kilimani, Nairobi","Ksh4,800,000",4800000.0,"Kilimani, Nairobi",https://realtors.co.ke/property/kindaruma-homes-apartments-12-3-bedrooms-in-kilimani-nairobi/
Furnished 4-bedroom Apartment for Rent in Westlands,"Ksh300,000",300000.0,"Westlands, Nairobi",https://realtors.co.ke/property/furnished-4-bedroom-apartment-for-rent-in-westlands/
Modern 1-Bedroom Apartment for Sale in Westlands,"Ksh6,000,000",6000000.0,Kileleshwa,https://realtors.co.ke/property/spacious-1-bedroom-apartment-for-sale-in-kileleshwa/
Oak Classic Residency Apartments for Sale in Kilimani on George Padmore Road,"Ksh7,300,000",7300000.0,"Kilimani, Nairobi",https://realtors.co.ke/property/oak-classic-apartment-1-2-bedroom-for-sale-in-kilimani-nairobi/
Soho Serviced Apartment Kilimani – 2 Bedroom Apartment for Rent,"Ksh250,000",250000.0,"Kilimani, Nairobi",https://realtors.co.ke/property/the-soho-serviced-apartment-kilimani/
Modern 2-Bedroom Apartments for Sale in Westlands,"Ksh9,000,000",9000000.0,Kileleshwa,https://realtors.co.ke/property/new-elegant-2-bedroom-study-room-for-sale-in-kileleshwa/
Modern 3 Bedroom Apartment,"Ksh36,000,000",36000000.0,"Riverside, Westlands",https://realtors.co.ke/property/modern-3-bedroom-apartment-for-sale-in-riverside-drive/
Modern Apartments for Sale – Capricorn Residences,"Ksh8,500,000",8500000.0,Kilimani,https://realtors.co.ke/property/capricon-residence-apartments-for-sale-in-kilimani/
1 Bedroom Apartment for Rent near Adams Arcade | Modern Living on Ngong Road,"Ksh65,000",65000.0,"Kilimani, Nairobi",https://realtors.co.ke/property/1-bedroom-apartment-for-rent-near-adams-arcade-modern-living-on-ngong-road/
1-Bedroom Apartments for Sale in Kilimani,"Ksh8,000,000",8000000.0,"Kilimani, Nairobi",https://realtors.co.ke/property/1-bedroom-apartments-for-sale-in-kilimani/
Modern 3 & 4-Bedroom Apartments for Sale in Kileleshwa,"Ksh20,500,000",20500000.0,Kileleshwa,https://realtors.co.ke/property/elegant-3-br-promax-study-room-dsq-selling-in-kileleshwa/
Modern 3-Bedroom Apartment for Sale in Parklands,"Ksh18,000,000",18000000.0,Parklands,https://realtors.co.ke/property/luxurious-3-bedroom-apartment-for-sale-in-parklands/
Brookside Oak Apartments | 3-Bedroom,"Ksh18,200,000",18200000.0,"Westlands, Nairobi",https://realtors.co.ke/property/brookside-oak-apartments-3-bedroom/
Modern 1 Bedroom Apartments for Sale | Garden City Thika Road at 237 Lulu,"Ksh5,900,000",5900000.0,"Thika Road, Nairobi",https://realtors.co.ke/property/modern-1-bedroom-apartments-for-sale-garden-city-thika-road-at-237-lulu/
Modern 3-Bedroom + Study & DSQ Apartment for Sale in Kileleshwa,"Ksh19,500,000",19500000.0,Kileleshwa,https://realtors.co.ke/property/tranquil-3-bedroom-study-dsq-in-kileleshwa/
"Modern 3, 4 & 5-Bedroom Apartments for Sale in Riverside","Ksh45,000,000",45000000.0,,https://realtors.co.ke/property/4-bedroom-apartments-for-sale-in-riverside/
"Modern 3-Bedroom Apartments for Sale | Kileleshwa, Mandera Road","Ksh12,000,000",12000000.0,"Kileleshwa, Nairobi",https://realtors.co.ke/property/modern-3-bedroom-apartments-for-sale-kileleshwa-mandera-road/
Modern Apartment for Rent,"Ksh250,000",250000.0,Westlands,https://realtors.co.ke/property/tree-tops-forest-apartments-for-rent-in-westlands/
"1 & 2-Bedroom Apartments for Sale in Kilimani – From KES 7.2M | Polaris Residency, Kindaruma Road, Completion Dec 2025","Ksh7,200,000",7200000.0,Kilimani,https://realtors.co.ke/property/secure-serene-living-2-bedroom-in-kilimani/
Modern 2 & 3-Bedroom Apartments for Sale in Syokimau,"Ksh8,900,000",8900000.0,Syokimau,https://realtors.co.ke/property/elegant-2-bedroom-apartment-for-sale-in-syokimau/
Modern 5-Bedroom | Crystal Oak Residency,"Ksh41,000,000",41000000.0,"Kileleshwa, Nairobi",https://realtors.co.ke/property/modern-5-bedroom-crystal-oak-residency/
Modern 4-Bedroom | Crystal Oak Residency,"Ksh26,000,000",26000000.0,"Kileleshwa, Nairobi",https://realtors.co.ke/property/modern-4-bedroom-crystal-oak-residency/
Modern 3-Bedroom | Crystal Oak Residency,"Ksh24,000,000",24000000.0,"Kileleshwa, Nairobi",https://realtors.co.ke/property/modern-3-bedroom-crystal-oak-residency/
